Consumo_kWh,CostoEnergia_USD,TempPromedio_C,HorasPico,PotenciaMax_kW,EmisionesCO2_tn,SectorIndustrial,MantenimientoPrev,EdadEquipo_anios,Interes
399.67,233.2,31.72,2.01,63.85,2.79,1,1,3.67,0
336.17,79.7,34.97,4.09,75.53,2.9,1,0,18.96,0
414.77,206.97,38.32,3.34,59.1,1.7,0,1,18.73,1
502.3,99.95,15.5,4.65,115.68,4.6,0,1,5.28,0
326.58,413.71,18.84,5.1,113.63,2.16,0,1,12.67,0
326.59,476.46,37.15,1.06,62.32,0.7,1,0,1.53,1
507.92,82.54,26.46,6.33,82.95,1.85,0,1,18.7,1
426.74,479.8,29.11,5.99,66.39,2.89,0,0,10.94,1
303.05,285.16,31.58,3.56,92.3,2.34,1,1,1.82,1
404.26,184.8,31.98,1.37,90.19,1.73,1,0,7.51,1
303.66,84.59,38.29,6.28,96.23,1.09,1,0,2.46,0
303.43,275.28,39.92,7.69,86.64,4.19,1,1,8.47,0
374.2,407.53,33.0,2.68,138.71,4.98,1,1,13.73,1
158.67,368.19,22.18,3.26,59.44,1.98,0,0,9.93,0
177.51,72.6,36.99,2.29,45.79,2.22,0,0,8.29,1
293.77,82.81,16.23,5.04,72.14,3.28,0,1,3.26,0
248.72,231.29,20.78,2.08,48.64,3.73,1,1,5.65,0
381.42,182.88,37.43,3.49,50.15,2.26,1,0,2.9,0
259.2,154.57,21.4,5.88,59.97,4.57,1,0,16.34,0
208.77,176.45,20.52,4.92,61.56,3.02,0,1,3.57,0
496.56,411.57,18.45,3.71,60.91,2.53,1,0,12.31,1
327.42,468.15,36.48,3.94,90.36,3.41,1,1,7.51,0
356.75,232.3,27.5,4.93,69.88,4.79,1,1,5.29,1
207.53,457.75,31.87,1.04,76.41,4.08,0,1,13.15,0
295.56,194.67,20.98,1.55,97.88,0.68,1,1,9.68,0
361.09,264.4,33.95,7.17,64.67,2.0,1,0,8.6,1
234.9,151.71,34.0,1.55,74.71,2.62,0,1,12.26,0
387.57,338.21,22.81,5.95,87.32,1.92,1,1,10.33,0
289.94,490.54,25.27,7.44,41.17,3.65,1,0,6.77,0
320.83,321.57,20.24,2.89,32.3,4.22,1,0,11.62,1
289.83,211.02,39.41,3.59,86.92,3.79,0,1,13.72,0
535.23,341.52,31.14,4.98,89.84,4.95,1,1,1.51,1
348.65,105.31,38.36,7.17,121.28,1.73,1,1,9.85,0
244.23,449.9,22.58,7.59,83.16,4.44,0,1,2.1,0
432.25,276.39,34.55,6.18,96.39,3.95,0,1,4.54,0
227.92,252.21,34.15,1.61,76.09,2.13,1,1,11.65,1
370.89,313.64,32.29,5.68,85.94,3.8,0,0,17.46,1
154.03,331.15,39.14,3.87,113.35,0.97,1,0,17.77,0
217.18,82.3,24.84,4.29,37.52,4.05,0,1,2.33,0
369.69,357.18,18.27,1.34,88.27,2.9,1,0,8.96,0
423.85,158.87,31.79,2.34,122.71,1.82,1,0,12.08,1
367.14,371.28,33.23,6.53,85.64,3.45,1,1,3.79,0
338.44,420.14,29.38,4.18,113.01,3.39,0,0,15.54,0
319.89,411.78,20.17,3.11,67.42,1.44,0,0,15.14,0
202.15,298.63,27.61,3.69,79.36,0.64,1,1,18.16,1
278.02,284.08,22.8,6.98,80.67,2.45,1,1,1.16,0
303.94,114.29,25.69,6.24,35.65,3.06,1,1,5.12,0
455.71,398.91,31.13,2.91,56.64,4.44,1,0,16.72,1
384.36,172.13,33.63,1.82,58.06,4.68,0,1,13.74,1
173.7,273.51,20.81,2.76,96.44,2.88,0,0,17.99,1
382.41,177.92,25.13,7.45,97.44,3.89,1,1,2.09,0
311.49,110.22,21.73,5.07,86.48,2.48,0,1,12.34,1
282.31,333.3,19.97,4.73,96.48,3.86,0,1,11.81,1
411.17,74.45,34.58,5.17,76.72,1.42,0,1,1.68,0
453.1,386.89,37.73,3.56,104.04,2.17,1,0,10.76,1
443.13,192.91,24.26,6.65,80.18,3.35,1,0,12.58,1
266.08,50.06,33.78,4.66,81.16,0.58,0,1,4.63,0
319.08,280.01,37.42,1.82,74.69,3.75,0,0,6.19,0
383.13,71.08,36.15,1.9,93.69,4.26,1,1,13.17,1
447.55,174.28,19.57,4.76,71.58,2.3,1,1,9.9,1
302.08,368.14,38.91,7.56,99.53,2.52,1,0,17.3,1
331.43,78.21,24.42,3.16,57.36,4.33,0,0,7.51,0
239.37,427.7,23.48,7.09,58.02,3.99,0,1,6.07,0
230.38,51.72,16.56,6.35,93.75,1.8,0,1,19.71,1
431.25,161.07,27.15,2.73,78.23,1.96,1,1,18.31,1
485.62,383.41,17.73,1.25,70.92,3.55,1,0,1.55,1
342.8,192.32,21.21,1.71,97.8,3.03,1,1,15.64,0
450.35,95.85,22.92,6.1,67.85,1.23,1,1,3.1,0
386.16,212.11,35.22,2.4,76.0,1.89,1,1,1.52,0
285.49,171.68,36.89,3.6,107.98,4.55,0,1,6.2,0
386.14,429.22,22.56,4.51,110.78,3.6,0,1,6.12,0
503.8,191.01,36.47,6.08,111.45,4.94,0,1,16.57,0
346.42,405.02,36.43,1.79,74.36,3.95,1,0,14.5,1
506.46,451.34,34.12,3.84,104.61,4.74,0,1,19.65,0
88.03,245.22,18.67,4.4,61.02,1.47,1,1,14.52,0
432.19,459.47,32.26,4.79,61.86,3.97,0,0,8.95,0
358.7,219.79,38.63,6.73,32.99,0.59,0,0,14.28,0
320.1,483.84,32.06,2.2,113.46,3.52,1,1,19.99,0
359.18,90.18,23.29,6.65,62.72,2.61,0,0,14.49,1
151.24,359.16,27.51,5.85,77.47,2.06,0,1,15.47,1
328.03,272.22,31.14,4.89,61.79,4.38,0,0,18.83,1
385.71,224.44,27.76,5.9,93.9,4.34,0,0,3.16,1
497.79,334.72,18.0,3.88,72.49,0.6,0,1,14.39,1
298.17,366.74,22.8,1.97,53.9,3.24,0,0,17.17,1
269.15,51.96,35.06,5.66,88.83,2.16,0,1,19.13,0
299.82,125.13,36.54,4.67,51.33,2.37,1,0,5.01,0
441.54,370.87,18.43,5.48,63.25,4.24,0,1,10.57,0
382.88,349.87,38.81,3.37,37.86,1.89,1,0,13.93,1
297.02,484.72,23.22,7.35,51.52,4.74,0,1,5.7,0
401.33,392.47,31.56,5.11,83.57,1.31,1,1,12.41,1
359.71,477.85,33.8,1.6,40.71,3.48,1,1,5.89,0
446.86,366.14,35.3,4.15,50.38,3.52,0,1,7.34,1
279.79,184.12,38.64,6.29,79.95,1.63,1,0,9.39,0
317.23,97.41,22.82,6.56,69.13,1.96,1,1,11.05,0
310.79,401.82,36.46,4.46,119.84,4.26,0,0,9.54,0
203.65,339.87,18.29,7.26,116.68,3.93,1,0,10.37,0
379.61,71.68,32.63,2.87,62.64,1.98,0,1,6.67,0
376.11,212.02,33.55,3.87,91.14,2.9,1,1,4.02,0
350.51,480.56,31.94,7.29,94.99,0.78,1,0,1.9,0
326.54,275.18,21.31,7.27,68.05,1.44,1,0,4.72,0
208.46,244.73,36.83,5.8,50.09,2.69,1,0,12.06,0
307.94,255.96,19.22,7.01,79.75,0.89,0,1,15.94,1
315.73,144.0,16.34,1.62,76.54,4.29,0,1,4.22,0
269.77,215.92,32.94,7.05,71.28,3.73,0,0,3.06,0
333.87,216.42,26.89,3.24,88.85,4.75,0,0,15.24,1
390.41,73.56,36.23,2.25,64.99,3.62,0,0,6.8,1
538.62,395.41,24.58,2.68,56.96,4.73,1,1,19.08,1
367.46,237.43,19.21,3.93,82.18,3.0,0,0,14.57,1
375.76,419.98,35.91,2.76,87.72,3.2,1,0,7.21,1
342.56,432.66,28.72,3.24,56.47,4.9,0,0,6.5,0
158.12,145.4,19.73,1.94,98.56,3.39,0,0,10.95,0
347.35,345.81,33.01,3.07,44.59,0.64,0,1,2.5,0
356.02,262.53,27.78,5.01,68.44,3.76,0,0,3.24,0
596.32,446.07,30.11,4.09,74.84,4.57,1,1,4.34,0
330.76,147.08,26.52,3.43,67.28,4.08,0,1,15.72,0
380.15,355.02,35.72,6.23,68.7,3.13,1,0,10.76,1
346.53,323.49,35.74,7.25,117.42,3.52,1,1,1.2,0
233.13,182.89,32.73,6.3,62.98,4.96,0,0,13.8,1
464.28,111.47,17.64,3.32,128.82,0.91,1,0,9.05,1
425.19,343.24,35.97,6.21,88.74,3.5,1,0,10.71,1
429.1,382.37,31.78,2.06,81.84,1.78,0,0,5.07,1
259.06,192.03,32.43,1.91,89.52,3.38,1,0,11.48,1
490.28,340.17,24.07,3.42,130.6,3.23,0,1,19.6,1
209.81,227.81,36.98,6.65,60.13,1.19,0,1,2.4,0
408.69,370.94,33.13,2.72,57.59,1.43,1,0,6.39,1
569.05,139.65,17.81,1.44,64.9,3.3,1,1,5.62,1
250.95,450.6,25.19,1.92,80.64,1.08,1,0,5.72,1
293.37,179.33,37.16,7.01,45.48,1.69,1,1,8.2,0
359.97,215.5,16.18,5.44,80.45,4.26,1,1,16.54,1
299.65,76.14,39.04,2.77,113.87,1.97,1,0,18.34,1
194.93,100.18,31.98,4.89,83.03,2.7,1,1,4.84,1
356.86,282.14,30.78,4.69,74.15,4.74,0,1,11.32,0
243.77,170.42,21.76,5.59,67.64,1.52,0,1,13.1,0
397.36,425.97,21.22,2.63,97.97,2.25,0,0,10.91,1
258.06,56.61,38.55,7.05,63.48,3.23,1,1,9.25,0
504.99,220.59,22.46,3.17,116.93,3.9,1,1,4.65,1
271.67,201.81,34.39,5.86,118.67,4.56,1,1,10.28,1
317.79,58.7,24.83,1.11,85.14,4.62,0,1,8.62,0
431.35,105.97,18.48,3.61,79.77,3.99,0,1,16.12,1
226.91,236.14,15.27,3.46,100.61,1.53,0,1,15.51,0
372.75,271.79,28.61,4.8,101.9,0.61,1,1,3.55,0
480.71,231.93,39.39,1.51,63.88,2.23,0,1,2.68,0
189.25,288.92,24.23,6.53,69.47,1.14,0,1,18.25,0
368.46,317.81,23.93,2.52,53.55,3.7,1,0,11.17,1
375.99,54.47,23.6,5.74,88.18,3.48,0,1,17.3,0
428.18,258.84,28.01,6.62,93.33,0.7,0,1,2.1,1
226.3,483.57,26.02,4.93,53.0,4.26,0,1,11.0,0
217.95,283.56,37.0,6.19,70.9,1.62,1,1,11.25,1
402.19,354.89,27.64,5.63,53.05,2.45,0,1,17.35,1
379.7,190.34,27.69,3.49,62.02,3.51,1,0,2.85,0
375.05,398.3,18.46,6.66,91.02,2.43,1,0,5.57,1
384.64,397.81,39.57,3.06,65.33,2.49,0,0,8.72,1
282.0,284.58,21.25,5.0,73.98,0.8,0,0,17.45,1
373.23,489.21,16.83,6.22,47.45,2.31,1,1,18.84,1
379.31,106.5,31.58,3.65,83.74,3.94,1,1,19.86,0
278.56,57.63,29.88,3.12,79.11,4.62,1,1,19.22,0
536.58,396.57,25.38,4.22,65.42,2.36,1,0,1.11,0
397.38,413.22,25.55,6.73,76.22,2.41,1,0,1.91,1
230.87,104.09,34.63,7.51,83.61,3.66,0,0,3.8,0
415.66,169.51,19.89,4.82,63.7,4.74,1,0,7.63,0
252.53,57.9,35.51,5.63,50.47,1.7,0,1,16.77,0
428.71,181.99,31.22,7.32,116.11,2.48,1,1,17.96,1
465.86,397.91,25.47,1.69,67.33,4.08,0,0,4.55,0
267.93,283.08,26.45,2.62,78.06,3.24,1,1,12.77,0
446.34,206.64,21.42,5.96,100.22,1.0,0,0,18.43,1
391.28,217.28,33.8,6.77,150.58,3.32,0,0,9.81,0
432.21,50.61,27.82,7.0,55.11,1.34,1,0,2.97,0
539.68,184.91,23.02,3.91,89.0,2.8,1,0,9.7,1
325.46,340.91,29.9,1.63,65.85,2.88,0,1,8.14,0
274.63,488.39,39.89,4.06,69.22,4.44,0,1,11.98,0
261.05,431.18,25.88,2.62,65.6,2.58,0,0,9.33,0
268.42,60.62,38.02,3.04,57.49,1.76,1,0,1.33,0
342.29,454.35,23.63,6.41,79.17,1.54,1,1,19.89,1
384.12,402.44,16.37,1.53,50.51,4.43,1,1,11.33,1
377.67,401.17,20.11,6.79,98.94,1.27,1,0,10.0,1
432.72,256.1,25.47,3.99,81.1,2.42,0,0,19.14,1
351.3,229.1,20.49,5.17,88.45,1.34,1,0,3.96,0
495.35,186.31,15.01,1.63,70.68,3.98,1,0,4.6,1
323.53,79.56,37.88,3.36,72.66,2.63,1,0,16.35,1
622.02,152.71,36.1,1.63,85.75,2.08,1,1,5.96,0
412.57,160.97,33.56,7.73,56.72,2.12,1,1,16.19,0
264.28,267.83,19.2,6.65,72.84,4.33,0,0,6.16,0
242.91,386.35,18.01,4.22,62.81,2.99,1,0,1.63,1
398.25,263.21,16.69,2.57,62.19,3.73,0,0,10.82,1
327.65,76.03,33.1,7.53,37.8,4.54,1,0,4.74,0
421.4,481.01,38.22,3.41,106.79,4.56,1,1,15.4,1
397.32,474.23,25.76,2.13,66.27,1.98,1,1,13.18,1
342.72,403.34,17.98,4.94,103.27,4.79,1,0,18.55,0
265.32,496.1,27.81,7.61,101.38,0.61,0,1,15.88,1
198.52,295.02,23.72,1.03,54.28,2.2,0,0,4.43,0
305.35,483.25,24.37,2.67,58.23,4.53,1,0,16.2,0
435.64,84.02,30.53,7.57,131.21,1.74,0,1,13.19,0
371.41,214.56,32.97,2.2,115.02,1.73,0,0,13.71,1
225.43,151.42,17.77,1.79,79.37,1.86,1,1,16.81,1
367.32,138.12,15.89,4.99,85.15,3.26,0,0,11.9,1
388.53,113.36,39.86,7.03,67.38,2.47,0,0,9.85,1
261.61,330.09,20.82,4.34,88.65,3.77,1,0,13.1,0
365.37,401.59,16.35,7.96,65.66,4.53,1,0,6.66,1
355.82,310.23,19.75,5.75,39.35,3.53,0,1,4.47,1
235.7,116.13,15.97,1.52,53.57,1.42,1,0,12.72,1
385.78,415.01,24.8,7.95,80.42,4.7,1,1,5.44,1
406.08,336.18,35.06,3.86,57.38,1.69,1,1,2.52,1
458.31,224.67,23.53,3.01,78.65,1.17,0,0,1.01,1
455.38,353.36,26.1,4.91,58.51,0.9,1,1,12.56,0
212.23,166.96,31.89,3.13,64.35,3.04,1,0,7.88,0
256.22,205.34,27.72,1.61,97.06,1.01,0,1,15.29,0
401.5,462.87,36.54,1.01,84.95,1.12,0,1,8.13,1
401.38,180.73,36.65,4.15,79.81,1.85,0,0,10.23,1
401.5,261.49,15.25,6.86,97.58,1.77,0,0,8.73,0
735.27,450.56,34.45,5.01,89.61,3.22,0,1,13.36,0
407.09,368.47,26.52,7.99,108.93,4.18,1,0,7.77,1
463.56,77.99,39.72,3.01,70.8,3.93,0,0,19.31,1
445.4,116.29,27.08,2.96,71.41,1.68,1,1,18.79,1
415.14,53.53,39.67,2.12,53.98,1.6,0,1,17.11,1
318.47,333.91,33.86,2.15,71.42,4.85,1,0,18.49,1
425.9,251.45,21.22,3.0,99.3,0.54,1,1,9.53,0
272.72,110.42,28.46,6.55,106.0,4.46,0,0,11.19,1
326.32,481.07,39.8,7.34,99.21,1.4,0,0,15.1,0
301.46,288.35,36.44,7.83,44.12,4.76,0,1,14.23,0
358.19,158.85,17.43,2.63,101.66,2.04,0,0,17.92,1
581.47,275.27,32.66,7.17,43.23,2.48,0,1,14.61,0
163.27,355.83,23.64,3.3,97.96,3.68,0,0,19.96,0
418.63,84.31,15.17,1.79,72.64,3.14,1,0,7.62,1
188.73,173.62,25.09,7.09,94.05,1.93,1,0,16.83,0
302.81,413.13,20.87,5.45,53.35,2.99,1,1,14.26,1
458.9,256.85,35.47,2.15,103.42,3.79,1,1,14.14,0
356.43,295.96,23.43,4.01,50.7,0.69,1,0,7.19,1
242.23,244.77,35.69,3.01,66.63,0.55,0,1,15.93,0
278.47,69.75,15.01,6.16,60.04,2.56,0,1,18.11,0
417.96,124.59,22.7,4.17,44.91,1.09,1,0,5.15,0
276.96,250.49,21.03,7.92,81.89,3.49,1,1,12.88,0
371.65,144.13,20.84,1.38,116.12,1.46,0,1,8.45,0
354.56,72.49,16.7,3.49,133.34,2.45,0,1,19.8,1
284.84,429.64,19.68,4.37,81.94,1.39,0,0,10.1,0
564.39,491.54,28.89,4.52,102.33,2.97,0,0,5.34,1
413.39,406.91,22.28,3.21,84.64,1.02,1,1,8.26,1
147.49,434.2,25.43,6.1,89.98,0.6,1,0,13.42,0
368.65,158.89,24.42,7.12,73.16,0.73,0,1,2.45,1
283.82,482.28,36.9,7.57,83.9,4.79,0,0,12.47,1
435.24,138.62,37.63,6.64,90.75,1.14,1,1,18.69,1
270.75,478.14,27.32,6.95,68.43,3.69,1,0,17.16,1
338.53,497.67,23.25,4.85,78.45,0.81,1,1,2.29,0
400.5,370.28,17.67,6.78,78.83,0.99,0,0,19.87,1
436.58,491.51,38.84,3.12,96.53,2.79,1,1,14.28,1
229.97,306.29,16.51,3.79,58.68,2.59,0,0,4.08,0
316.55,166.79,22.44,3.22,78.97,4.78,0,0,1.24,0
302.51,246.65,22.45,4.27,118.24,4.75,0,0,4.25,0
284.67,317.1,23.01,3.0,103.28,4.01,1,1,16.93,0
526.55,82.89,19.11,7.73,106.98,3.21,1,1,1.41,1
390.5,330.05,34.58,3.19,80.49,2.55,0,1,5.43,0
223.91,491.53,18.06,1.69,86.42,2.1,1,0,15.39,0
441.79,135.55,30.87,4.69,100.04,4.76,0,1,12.14,1
562.22,406.67,18.1,1.4,111.21,3.21,1,0,15.87,1
453.25,458.55,16.76,1.77,40.97,3.11,0,0,15.18,1
198.06,474.67,37.74,2.54,53.69,1.54,0,0,1.96,0
301.58,482.06,19.75,4.25,106.19,0.71,1,1,17.96,1
476.69,284.66,35.53,4.03,74.46,4.75,1,0,5.31,1
279.23,489.79,28.62,6.6,66.57,1.91,0,1,11.51,0
394.38,390.79,16.95,6.18,54.92,2.49,1,1,13.24,1
427.46,122.75,38.89,3.98,68.9,1.02,0,0,4.2,1
257.31,264.61,21.17,3.34,51.95,4.27,0,1,19.55,0
344.05,373.25,36.49,3.22,121.82,0.62,0,0,10.27,1
25.87,161.3,19.22,6.42,79.55,4.25,0,0,2.1,0
247.56,338.28,36.35,1.36,78.84,1.13,0,1,18.81,0
324.74,349.97,15.33,1.09,91.76,4.49,0,0,12.14,1
225.22,123.21,27.79,6.57,99.25,3.78,0,0,14.28,0
513.24,304.29,34.24,4.34,98.92,1.24,0,0,10.98,1
206.99,397.23,38.37,1.92,101.47,3.05,1,1,16.86,0
306.0,274.5,37.73,2.65,67.38,1.91,1,1,1.63,1
363.07,55.45,35.49,7.53,74.04,1.3,0,1,6.1,1
494.13,54.07,37.2,7.02,95.38,4.37,0,0,9.92,1
206.41,210.66,19.98,5.97,69.45,2.32,0,0,2.46,1
466.32,466.79,22.1,4.38,79.9,2.29,1,1,14.41,1
351.02,152.9,22.22,4.64,87.98,1.26,0,1,8.48,0
251.85,335.46,24.43,7.83,95.7,2.22,0,1,6.18,0
396.21,149.93,24.83,7.76,44.45,4.42,0,1,1.06,1
369.91,194.75,28.61,2.51,94.29,2.13,1,1,14.68,1
289.98,431.62,19.0,6.68,75.33,4.78,1,0,16.84,1
356.98,377.99,32.28,2.38,94.15,4.76,1,1,8.51,1
311.47,92.93,19.19,2.49,95.54,1.15,0,0,11.72,0
361.35,242.92,22.76,5.73,112.16,1.3,0,0,5.33,0
416.21,63.13,27.58,3.84,107.07,4.38,1,0,12.82,1
508.6,266.4,34.91,7.52,106.93,2.27,0,0,1.23,0
226.22,348.1,33.49,1.62,108.87,0.52,1,1,10.28,0
563.3,103.33,31.14,4.58,85.83,1.73,1,0,13.24,1
154.79,180.0,18.89,7.43,80.64,3.19,0,1,18.45,1
334.82,229.03,28.68,7.33,97.46,4.1,0,0,8.25,0
408.83,463.79,17.19,2.1,94.64,1.1,0,1,15.54,1
378.1,496.96,24.43,3.57,73.82,1.0,0,1,12.36,1
287.73,70.21,25.34,5.33,88.1,4.65,1,0,18.61,1
329.19,392.45,16.0,2.12,79.3,3.88,1,1,8.57,0
300.7,217.28,21.85,7.78,62.92,3.15,1,0,7.06,0
291.06,226.61,38.89,7.4,105.81,3.96,1,1,17.86,0
434.96,389.42,38.84,2.17,81.1,2.43,1,0,1.94,1
385.7,463.29,23.81,1.85,120.97,3.91,1,0,3.59,0
280.71,477.92,16.08,1.6,47.49,2.17,0,1,2.57,0
439.96,309.71,19.48,7.37,68.86,1.6,1,1,17.02,1
380.73,210.7,24.81,2.36,80.65,3.78,0,0,1.2,0
431.29,404.4,38.69,3.91,102.75,2.39,0,0,17.37,1
412.96,162.95,18.53,4.14,87.99,4.92,1,1,9.57,0
267.1,303.83,34.09,5.19,86.21,2.07,1,0,1.08,0
293.98,211.36,17.72,1.5,57.45,4.65,0,0,8.63,0
424.73,345.48,39.53,2.59,56.86,4.7,0,0,4.55,1
411.04,158.18,24.54,7.52,86.45,1.59,1,1,12.86,1
347.91,136.22,34.38,7.36,52.72,4.09,1,0,13.91,1
361.73,463.21,23.56,6.47,69.36,2.45,0,0,10.26,1
477.77,95.81,30.69,1.14,90.02,4.63,1,1,1.77,1
290.84,277.68,19.8,3.29,60.35,2.53,1,0,13.47,0
404.71,149.38,18.65,5.4,112.11,3.85,1,0,17.0,1
329.78,67.52,38.45,2.93,104.48,2.6,1,0,14.69,1
328.23,66.21,37.94,7.37,48.57,1.53,1,0,16.77,0
459.88,128.85,37.19,5.44,61.35,1.4,0,1,4.81,1
432.54,440.05,30.64,1.5,34.28,2.41,1,0,17.89,1
431.35,177.12,35.21,7.36,64.35,3.9,1,0,7.12,0
480.55,477.71,16.73,7.7,95.33,3.22,0,0,1.25,1
352.1,311.73,23.37,1.54,71.72,3.6,0,0,17.02,0
418.2,246.48,22.84,4.73,89.22,1.77,1,0,18.89,1
318.97,311.04,30.89,3.12,49.55,2.67,1,1,13.46,0
382.42,282.51,23.9,3.75,95.96,0.7,0,1,5.4,0
336.99,391.45,18.71,2.26,68.9,4.18,1,0,5.78,0
359.7,177.12,29.91,5.05,80.24,4.95,1,0,9.87,0
409.52,208.87,35.36,7.71,78.14,2.33,1,1,18.06,1
268.18,452.34,24.55,4.52,54.57,0.55,0,1,3.84,0
559.24,475.91,18.31,1.58,56.94,1.26,1,1,16.69,0
249.4,451.65,19.92,5.34,99.36,3.44,1,0,6.53,0
228.58,238.75,20.94,3.38,87.98,3.25,0,0,16.36,0
465.81,401.16,22.5,6.99,101.0,4.05,1,0,18.49,1
429.17,264.35,31.07,4.04,86.49,1.64,1,0,9.12,0
412.41,273.89,30.02,2.35,82.86,3.94,1,0,7.94,1
412.83,142.11,32.4,2.34,45.48,3.6,1,0,16.24,1
348.78,316.01,24.06,6.38,74.59,1.95,0,1,11.06,1
260.27,133.76,35.6,2.86,79.45,2.95,0,1,14.0,0
357.58,199.2,20.1,6.37,119.06,1.16,1,0,12.83,1
282.28,434.76,26.73,2.44,93.74,2.54,1,0,3.9,0
447.51,143.18,35.02,3.25,110.72,4.47,1,0,17.05,1
335.29,82.02,19.5,4.26,91.95,2.4,1,1,4.72,0
267.45,81.05,17.75,7.6,65.77,4.28,0,1,18.71,0
317.86,473.35,37.09,7.52,82.34,3.16,0,1,5.76,0
391.29,278.11,23.57,2.45,84.72,1.36,0,1,14.94,1
293.63,234.24,32.1,3.51,61.22,3.11,1,0,6.41,0
267.78,414.9,15.63,2.05,72.31,2.78,1,1,7.04,1
374.37,426.12,32.25,4.57,75.88,2.29,1,1,6.89,1
374.5,199.49,22.9,4.22,112.11,1.04,0,0,15.21,1
299.31,362.13,16.39,7.31,38.39,2.38,0,0,11.58,1
302.9,397.01,30.25,7.51,104.12,0.83,0,0,17.78,1
373.2,344.59,21.02,3.68,61.26,0.94,0,1,6.84,1
205.19,118.22,24.67,4.44,52.56,2.37,0,0,14.15,1
209.25,444.15,17.01,7.27,103.6,1.87,1,1,15.31,0
278.16,292.59,18.68,6.65,94.64,4.66,1,1,3.88,0
328.66,177.11,22.45,1.03,105.09,2.19,1,1,8.61,0
381.09,241.35,17.24,3.24,96.01,3.91,0,1,10.17,1
497.54,66.91,37.77,3.95,121.2,2.89,1,0,7.76,1
435.77,107.54,15.15,2.61,91.17,3.67,1,0,7.12,0
334.01,394.5,27.1,2.4,76.87,1.67,0,1,14.04,1
348.1,50.01,18.08,1.26,86.86,4.74,0,0,5.1,0
249.75,237.45,22.69,5.5,104.87,2.89,0,1,14.48,0
348.15,285.13,38.15,2.84,64.41,4.24,1,1,18.77,1
321.13,74.59,19.04,1.37,66.96,2.14,0,0,11.74,1
382.27,487.89,39.15,2.62,73.82,0.95,1,0,12.62,1
267.28,151.76,20.14,6.61,37.91,3.53,1,1,2.31,1
401.93,186.89,33.54,6.96,82.76,0.53,0,0,17.43,0
503.27,186.77,28.67,4.38,42.28,2.64,1,1,6.42,1
339.12,153.69,37.11,3.91,81.06,1.37,0,0,12.69,0
390.17,50.66,28.85,7.84,97.31,3.32,0,1,19.6,0
419.01,378.21,28.36,2.4,70.46,4.91,1,1,12.31,1
309.88,485.08,19.89,2.51,113.54,2.59,1,0,14.77,1
372.41,150.93,19.16,3.04,50.79,4.18,1,0,9.46,1
351.26,348.37,37.91,2.21,103.83,2.79,0,1,2.15,0
359.77,383.85,23.2,3.66,93.5,2.73,1,0,16.15,1
272.7,431.79,24.3,7.38,45.68,4.69,0,0,1.66,0
352.45,240.18,34.0,5.31,134.22,4.5,0,1,14.31,0
399.8,186.32,23.47,3.88,78.73,4.04,1,1,1.44,0
495.11,196.38,38.8,7.54,62.45,1.83,1,0,17.38,1
445.93,370.68,33.45,1.34,51.86,2.95,1,0,4.0,1
565.32,417.55,29.94,2.47,75.6,1.51,1,1,10.77,0
273.27,131.73,37.02,4.96,77.45,2.5,0,1,12.35,1
437.23,216.92,16.24,5.31,82.05,2.68,1,1,9.69,1
368.33,455.87,21.43,1.28,74.04,4.24,0,1,7.47,1
568.98,413.01,26.63,3.82,92.66,4.53,1,1,9.89,1
269.17,493.19,20.67,5.54,72.25,2.37,1,1,6.92,0
266.03,389.41,33.6,5.89,41.3,0.58,1,1,9.32,0
290.06,226.94,37.98,5.47,77.01,4.38,0,1,7.82,0
137.61,315.79,25.59,3.24,32.65,1.28,1,0,11.76,0
297.42,347.46,23.55,1.65,87.08,3.3,0,0,5.52,1
274.09,85.31,39.04,3.99,60.41,0.61,1,0,19.78,1
365.04,295.02,26.12,1.9,83.27,2.3,1,1,10.52,1
384.18,369.19,27.23,7.63,106.28,4.94,0,0,4.69,1
537.62,125.29,23.79,4.33,61.03,0.95,0,1,10.06,1
445.04,401.28,37.74,3.22,101.23,2.41,1,0,17.46,1
292.31,312.7,29.22,6.36,71.33,1.88,1,1,1.41,0
260.16,478.5,34.05,4.49,115.06,4.57,0,1,13.91,1
399.19,69.09,35.3,3.17,72.7,4.41,1,0,11.41,1
217.98,169.4,23.55,6.68,63.19,1.57,0,1,4.22,0
533.15,320.7,25.84,7.07,93.74,0.87,1,0,16.53,1
467.94,183.45,36.21,5.71,71.28,3.32,0,0,8.01,0
303.08,371.49,24.08,1.33,63.17,2.01,0,0,6.58,1
178.69,391.55,34.85,4.96,70.44,3.52,0,0,16.73,1
485.39,96.13,38.52,6.34,79.11,0.64,0,0,13.13,1
338.55,281.23,30.58,1.96,106.84,1.1,0,0,18.07,1
473.78,279.0,33.54,2.6,41.32,3.59,1,0,12.97,1
190.56,216.18,35.13,7.18,80.46,1.46,1,0,15.08,0
290.06,469.82,36.13,1.14,92.5,4.36,1,0,16.89,1
350.52,422.38,24.88,6.27,83.87,0.76,1,1,2.04,0
354.7,363.74,16.28,4.32,106.2,1.47,1,1,15.74,1
304.99,371.45,25.05,4.13,78.51,4.99,1,0,12.66,1
412.28,257.77,31.84,1.05,76.31,2.45,1,1,2.32,1
243.24,464.45,26.26,6.74,91.85,3.66,1,1,10.66,1
335.76,362.57,33.72,3.52,81.99,1.32,1,0,2.57,1
362.03,378.04,23.92,4.79,72.19,3.24,0,0,14.98,1
401.44,437.76,30.87,5.74,90.32,3.77,0,1,11.38,0
421.16,173.33,19.66,5.92,66.95,1.92,1,0,19.12,1
237.54,413.18,33.73,7.69,67.78,4.23,0,0,4.48,1
196.59,137.86,28.64,4.72,69.44,3.22,1,0,12.51,1
477.77,205.4,20.1,3.8,107.06,2.25,0,1,5.02,0
383.23,201.02,22.3,7.68,15.58,3.01,0,0,12.67,1
275.15,490.34,33.72,5.49,87.91,3.1,0,1,14.73,1
505.12,435.44,27.07,3.09,80.69,1.24,1,0,14.72,1
361.57,365.53,20.4,1.89,46.38,2.31,1,0,16.49,1
467.93,377.18,39.18,6.9,86.19,2.05,1,1,17.22,1
356.75,302.93,32.88,3.54,89.52,2.3,1,0,2.47,1
556.07,476.19,38.93,5.62,91.79,3.92,0,1,7.52,0
525.53,273.32,25.68,4.3,26.96,2.67,1,1,14.06,0
325.1,221.23,26.88,2.39,107.33,4.73,0,0,10.47,0
447.16,123.37,37.45,5.21,65.25,1.82,1,0,4.62,1
414.54,403.79,28.13,1.42,93.73,2.37,0,1,11.5,0
486.86,380.5,32.68,3.89,94.82,4.04,0,1,8.74,1
253.51,222.96,21.3,4.83,62.47,2.96,0,0,8.41,0
418.61,61.34,26.17,4.05,93.21,2.96,0,0,16.39,1
455.84,427.55,18.09,6.24,72.29,0.74,1,0,8.74,1
174.13,55.14,20.15,6.8,38.57,2.29,1,0,1.5,0
231.67,366.66,15.02,6.4,103.35,1.72,0,0,2.1,0
146.08,486.62,15.98,1.27,64.5,5.0,1,1,17.27,0
323.06,246.95,39.43,2.36,62.91,1.89,1,1,19.25,1
421.75,155.74,21.06,4.76,71.94,4.48,0,1,14.08,1
500.24,367.19,31.58,7.54,85.44,3.54,1,1,7.92,0
357.41,417.71,35.98,6.84,78.85,2.03,1,0,18.83,1
512.86,295.89,28.77,6.9,90.96,2.95,1,1,13.59,1
211.99,485.17,18.83,3.12,53.21,4.28,0,0,17.04,0
179.66,73.25,33.2,4.01,65.15,4.48,1,0,15.55,1
344.45,277.16,30.01,4.29,77.68,1.22,0,0,8.2,0
388.41,373.3,33.28,2.1,117.96,2.03,0,0,10.1,1
346.73,438.19,34.24,1.22,77.72,2.01,0,0,4.54,0
143.26,130.67,39.39,7.63,101.7,0.69,1,1,6.55,1
341.09,410.0,29.34,2.68,80.77,3.19,1,0,15.78,1
219.55,298.72,23.54,2.68,70.33,4.35,1,0,17.99,1
416.97,228.45,31.21,1.58,75.07,2.22,0,0,14.76,1
386.66,109.27,16.71,7.5,76.63,3.83,1,1,9.84,0
256.01,439.38,37.43,5.06,92.07,3.32,0,0,2.64,0
298.61,120.77,17.98,5.67,107.49,2.19,1,0,2.08,0
244.08,189.4,23.2,7.38,87.19,1.13,0,0,8.11,0
343.73,180.52,35.39,3.42,103.74,3.69,1,1,9.81,0
445.51,442.14,29.93,5.35,60.7,4.35,1,0,12.57,1
251.43,352.72,24.84,1.27,71.71,3.59,1,1,1.12,0
400.4,408.51,26.84,2.31,65.51,0.58,0,1,19.8,1
296.97,162.71,36.36,6.82,86.29,1.47,0,0,7.91,0
270.71,331.19,23.5,6.37,72.82,0.81,1,1,17.11,0
339.3,307.29,36.74,3.45,94.6,3.07,0,1,11.16,1
246.48,424.77,17.2,3.64,61.38,3.9,0,0,3.48,0
294.64,457.74,34.42,4.73,80.86,1.0,0,0,16.15,0
230.21,55.47,36.19,1.0,93.74,4.27,1,0,14.49,0
546.47,353.31,19.55,2.69,38.69,3.0,1,0,11.02,1
353.53,73.33,25.76,2.46,122.43,3.6,1,1,10.78,0
280.03,296.99,19.14,2.75,74.34,4.87,0,1,2.66,0
371.4,179.43,32.67,6.64,39.5,0.88,1,0,13.46,1
338.77,188.05,28.38,2.96,83.16,4.56,0,0,18.31,1
327.9,208.83,30.88,2.34,80.67,1.07,0,0,2.77,0
411.42,329.58,19.91,4.53,78.36,2.27,1,1,6.01,0
425.75,200.32,20.29,7.06,99.82,4.33,1,0,18.14,1
296.95,379.71,16.04,2.69,94.95,4.58,1,1,6.4,1
292.42,232.04,23.05,1.55,85.96,2.78,0,1,13.42,0
322.49,80.76,28.99,3.49,89.0,3.17,0,1,11.16,0
119.81,402.69,36.45,6.23,77.91,3.69,1,1,12.33,1
198.48,178.59,31.67,4.85,115.51,4.25,0,0,8.9,0
486.69,244.75,25.88,6.72,50.42,1.05,1,0,6.7,0
514.5,358.45,38.83,7.72,82.79,4.15,1,0,1.92,1
325.1,199.61,32.98,6.55,81.3,2.67,1,1,15.14,0
407.66,75.46,38.25,5.23,96.27,2.53,1,1,15.18,1
381.13,218.26,28.19,4.45,63.12,2.41,1,0,13.74,1
657.89,475.0,21.47,1.28,45.13,2.79,1,1,13.23,1
461.96,338.78,16.32,7.89,83.14,4.75,0,1,5.63,0
337.21,352.17,33.15,3.68,85.62,2.97,0,1,1.42,0
254.45,334.53,18.03,2.07,109.79,4.79,1,0,16.37,1
189.36,139.55,22.57,5.67,54.59,1.31,1,0,10.33,1
370.35,238.25,28.31,2.99,103.09,3.76,0,0,6.83,1
274.36,387.92,29.11,5.1,127.35,4.16,0,1,2.94,0
207.77,95.62,30.01,5.11,72.44,3.56,1,0,2.19,0
285.34,175.03,19.16,4.12,54.18,3.23,1,0,7.63,0
241.85,174.34,24.49,6.85,71.86,3.04,0,0,16.29,1
518.71,244.41,30.43,2.85,80.28,4.37,1,1,18.46,1
438.16,491.17,39.25,4.14,91.28,4.2,0,1,18.04,1
349.2,80.38,33.19,4.76,68.17,1.05,1,1,18.48,0
497.99,283.42,38.07,5.65,111.1,4.32,0,1,18.25,0
357.74,130.71,34.06,6.49,57.71,2.36,1,1,11.02,1
263.87,486.8,29.79,3.76,45.22,1.64,1,0,5.17,0
502.31,100.99,19.8,5.52,102.13,4.41,1,0,16.16,1
403.89,231.62,31.67,2.05,34.51,2.44,0,1,5.06,1
246.28,382.05,30.58,7.53,75.92,4.14,1,1,6.08,0
330.97,367.05,30.06,3.68,142.35,1.69,0,0,5.43,0
262.44,240.23,27.24,6.11,79.76,0.52,0,1,10.78,0
211.72,205.94,28.22,1.14,57.58,2.73,0,1,7.11,0
442.62,228.93,23.36,2.44,78.85,0.95,0,1,3.93,0
540.94,168.92,27.98,4.41,78.98,3.89,1,1,9.61,0
210.14,142.4,19.94,7.15,83.21,1.74,1,1,17.6,0
406.3,267.37,35.13,4.69,93.25,2.5,1,0,11.84,1
284.94,170.84,19.64,7.51,59.22,0.89,0,0,17.69,0
301.29,179.36,17.12,4.39,113.75,1.79,1,1,4.72,1
290.76,345.54,25.91,4.43,84.9,4.02,0,1,4.17,0
263.6,485.84,31.46,1.84,94.54,1.18,0,0,11.94,0
354.85,321.64,25.94,6.62,67.44,3.41,0,1,9.8,1
266.9,84.64,21.92,2.73,105.73,4.63,1,0,13.54,1
377.05,84.01,28.95,7.3,74.86,3.56,0,1,16.1,1
344.98,478.14,23.68,7.38,85.55,4.15,1,0,15.27,0
326.11,183.78,38.32,7.6,61.34,0.99,1,0,18.9,1
259.24,91.43,38.07,4.64,60.06,1.63,1,1,8.57,0
292.32,319.57,27.56,5.74,93.76,4.53,0,1,4.92,0
425.54,330.64,23.2,6.45,71.13,3.72,1,0,11.47,1
400.09,341.83,33.43,1.92,62.92,3.38,0,1,3.1,0
252.24,170.33,15.92,5.21,67.14,3.49,0,0,6.49,0
359.93,56.8,26.87,1.24,93.98,2.36,0,1,4.95,0
425.14,484.26,23.41,4.48,67.42,0.7,0,1,8.53,0
183.06,162.9,38.01,2.08,77.65,4.03,1,1,3.11,0
404.34,354.21,15.3,2.28,80.3,3.55,1,0,1.6,1
283.74,367.98,28.82,3.56,41.65,2.63,1,0,13.48,1
407.06,324.5,33.52,4.03,50.58,4.55,1,1,12.59,1
273.67,190.81,27.13,5.36,86.73,2.01,0,0,14.46,1
169.51,171.99,17.14,1.52,65.26,1.82,0,1,13.55,1
187.25,318.95,39.31,4.53,101.13,4.43,0,0,3.17,0
354.81,439.74,27.95,2.28,99.34,4.09,0,1,6.53,0
375.97,476.03,30.35,5.02,94.38,2.82,1,0,3.46,1
259.57,97.66,20.92,5.46,116.4,1.09,1,0,17.02,1
413.86,119.67,27.09,4.9,78.34,1.47,0,0,15.19,0
183.85,475.13,25.73,6.17,92.98,3.45,0,0,4.83,0
343.39,381.44,16.87,3.35,68.31,2.23,0,0,7.48,0
228.9,447.35,17.65,6.36,129.05,4.26,0,0,19.37,0
284.82,141.18,35.94,4.03,119.67,4.77,1,1,12.29,1
354.74,314.41,21.0,4.39,80.24,4.13,0,1,16.22,1
263.96,365.51,19.87,5.54,87.73,2.2,1,0,6.03,1
311.54,356.05,27.62,1.13,107.19,4.05,1,1,4.99,0
450.63,233.67,34.22,5.58,77.06,2.08,0,0,15.89,1
292.31,56.93,16.55,5.33,66.87,1.25,0,1,14.03,0
433.57,312.32,29.42,3.17,97.48,0.65,1,1,13.94,1
237.03,163.9,17.98,1.6,81.57,2.24,1,1,11.5,1
402.98,252.61,15.91,1.64,83.66,4.57,0,1,11.71,1
494.16,480.91,16.32,7.46,63.31,1.58,1,0,14.98,1
102.84,229.57,35.85,5.82,45.65,1.43,0,1,6.13,0
270.31,427.91,17.95,1.89,84.72,4.86,0,1,7.7,0
407.71,134.84,16.13,3.5,98.1,0.61,1,1,17.56,1
329.7,352.61,25.95,5.15,75.48,4.04,1,0,6.87,1
387.11,489.65,36.1,6.85,108.73,1.95,0,1,11.38,1
289.6,95.85,21.56,1.31,65.92,0.67,0,0,14.35,0
358.66,53.74,25.54,2.66,58.91,4.63,1,0,20.0,1
334.43,245.11,16.0,7.23,78.66,1.13,1,1,9.27,1
466.78,91.68,26.23,1.06,78.35,2.98,1,0,9.13,1
375.44,386.77,29.44,2.41,95.4,1.73,1,1,17.01,1
383.76,461.55,29.27,7.71,64.5,0.79,0,1,16.3,0
308.81,245.31,23.31,5.29,107.36,0.72,0,1,14.89,0
301.24,166.42,22.89,2.83,119.34,1.02,0,1,9.8,0
306.74,245.48,17.67,1.47,79.22,0.82,1,1,7.15,0
389.45,375.55,24.17,1.2,104.99,3.92,1,1,12.57,1
307.9,54.07,17.49,2.71,58.87,2.69,0,1,17.65,0
378.98,315.25,34.16,7.17,101.5,2.04,1,0,17.79,1
557.54,325.98,39.16,3.91,100.95,2.38,1,0,3.06,0
437.11,336.96,39.25,6.04,97.27,4.68,1,1,9.14,0
317.4,158.91,36.63,7.43,79.69,4.6,1,1,9.83,0
470.12,371.32,30.02,3.86,20.92,3.72,1,0,19.57,1
309.19,91.13,32.52,2.34,67.17,4.48,1,1,13.88,0
146.19,139.67,22.13,4.62,67.48,1.94,0,0,8.74,0
249.19,444.86,30.77,7.36,60.43,2.21,0,0,1.5,0
162.92,382.43,26.39,6.63,82.44,3.26,0,1,11.74,1
314.85,56.19,27.05,1.46,71.62,3.31,0,1,2.83,0
351.84,161.77,33.94,5.85,63.51,2.67,1,0,16.85,1
517.64,146.48,22.05,5.0,58.82,2.3,0,0,15.3,0
382.69,171.86,22.95,7.35,65.69,4.94,0,1,9.75,1
328.09,161.4,38.12,1.86,102.43,4.2,0,1,9.16,0
432.94,78.14,16.41,4.74,66.78,2.46,0,0,18.05,1
128.89,256.52,27.14,7.16,69.7,3.77,1,0,6.48,1
373.56,379.73,37.82,3.87,70.87,1.71,1,0,5.73,0
427.09,323.03,30.26,4.37,86.78,0.95,0,1,18.84,0
202.14,352.79,28.66,1.49,89.12,2.09,0,1,16.38,1
464.38,86.52,21.24,2.95,19.11,2.31,1,1,16.59,1
383.85,478.17,23.58,3.27,100.43,0.57,1,0,4.71,1
308.47,427.32,36.3,7.62,108.73,4.17,0,0,3.72,0
413.28,412.29,28.98,2.98,59.0,2.12,1,1,1.49,1
577.07,420.34,27.87,4.23,60.55,3.11,1,0,5.5,1
368.19,469.72,17.49,5.7,70.99,0.83,0,0,15.71,1
374.82,294.91,15.4,2.14,64.88,1.29,1,0,5.56,0
304.06,140.13,39.09,4.41,84.48,4.5,0,0,14.85,1
265.02,327.55,24.42,6.17,41.07,3.24,0,0,5.79,0
433.03,384.3,30.08,7.07,57.64,4.78,1,1,8.51,1
264.39,382.06,16.99,5.38,110.78,4.99,1,1,19.68,0
357.16,284.65,32.08,5.68,61.44,2.17,1,1,5.65,1
302.23,80.81,38.31,1.88,104.87,1.84,1,1,8.15,0
397.9,217.0,29.39,7.62,87.11,4.36,1,1,6.72,1
383.37,464.34,18.15,1.93,43.81,4.99,1,0,3.08,1
453.75,313.0,29.54,6.42,92.71,3.33,0,0,10.31,0
299.0,292.25,34.16,2.85,77.65,4.08,1,0,8.2,0
323.01,170.98,25.16,7.54,70.89,4.02,0,1,14.2,0
252.12,215.8,37.0,6.04,84.9,2.1,1,0,16.53,1
305.57,452.91,31.22,6.28,89.49,3.08,1,0,11.34,1
387.73,349.91,37.48,2.53,94.15,4.25,1,0,1.61,1
425.7,404.32,30.59,4.1,103.57,3.6,1,1,12.76,1
257.78,254.46,18.28,5.32,88.16,0.6,1,0,2.05,0
436.96,333.61,22.74,6.39,52.49,2.02,0,0,12.71,1
485.56,161.77,20.04,1.73,70.53,1.15,0,1,14.02,0
391.34,367.46,37.72,7.74,138.86,1.55,0,1,4.76,0
537.68,242.42,34.01,7.23,94.49,4.57,1,0,16.57,1
272.62,249.15,31.91,2.89,127.39,0.67,1,1,18.31,0
225.53,342.2,22.52,6.76,107.91,1.49,1,0,16.45,1
172.13,471.33,19.6,4.63,84.84,1.89,0,1,6.8,0
499.6,78.8,33.91,4.23,86.03,3.28,0,0,12.15,1
415.44,421.13,26.85,3.2,79.27,2.9,1,0,18.38,1
344.44,181.57,20.64,5.07,45.24,1.48,0,1,7.09,0
378.0,249.76,30.42,6.11,80.36,1.24,1,1,16.58,1
237.45,59.86,16.01,3.88,104.21,1.57,1,1,1.18,0
594.58,185.47,23.15,5.4,68.01,2.76,0,1,1.07,0
362.92,276.18,26.71,5.9,88.24,1.72,0,0,15.43,1
360.94,75.28,18.7,5.98,97.03,4.76,0,1,15.47,1
422.58,270.99,39.62,1.36,61.81,2.59,0,0,15.99,0
398.1,467.2,20.23,7.02,70.97,0.76,1,0,18.67,1
372.39,97.43,18.26,4.21,59.64,3.78,1,0,3.24,0
270.95,394.0,20.09,2.84,63.56,1.98,0,1,5.41,0
397.15,234.35,34.23,2.69,54.25,3.44,0,0,18.17,1
538.2,344.83,25.64,4.38,61.99,1.76,0,0,4.37,1
484.54,167.11,29.14,7.21,108.39,3.07,0,1,13.96,1
509.32,121.77,15.53,3.65,61.69,3.97,1,0,11.08,1
298.88,122.21,15.86,6.25,82.53,4.68,1,0,2.58,1
251.04,81.72,26.15,1.68,69.94,1.68,1,0,6.42,1
337.42,133.54,35.42,4.33,103.58,2.01,1,1,10.89,0
355.57,348.9,37.13,7.94,106.22,2.59,1,0,17.19,1
459.42,446.76,17.17,6.39,97.28,4.67,1,0,14.44,1
180.75,416.36,28.46,2.47,86.12,4.56,1,0,12.82,1
502.96,358.31,37.83,4.51,75.38,0.9,0,1,10.42,0
334.2,99.69,24.7,2.64,56.16,1.09,1,1,6.67,0
307.31,180.13,35.74,3.87,118.87,2.73,0,1,3.27,0
248.79,189.41,18.34,6.46,64.81,0.98,0,0,8.77,0
184.51,162.48,38.38,6.4,93.27,2.06,0,0,1.54,0
432.32,281.75,33.79,2.6,101.19,1.17,1,0,5.01,1
357.33,291.0,38.53,7.46,68.89,3.36,1,0,9.22,0
221.0,210.6,31.92,5.15,100.76,4.77,1,0,8.95,0
220.49,209.21,24.09,3.66,95.28,4.99,1,1,1.84,1
316.42,422.85,38.45,4.51,114.56,2.19,0,0,12.19,0
516.9,405.18,21.89,5.24,70.61,3.2,1,0,11.44,1
324.04,188.51,23.3,4.92,54.28,4.35,0,1,2.48,0
199.69,461.2,32.52,4.4,69.89,1.03,1,1,18.92,0
325.43,478.77,34.13,4.53,84.18,3.6,1,0,2.89,0
322.73,197.03,38.24,2.23,81.16,2.34,0,1,17.24,0
80.31,209.49,20.12,6.69,72.13,1.43,0,1,1.01,0
344.57,277.54,34.95,4.79,41.82,2.31,0,1,17.76,0
326.91,473.5,33.46,1.92,89.41,0.84,1,0,1.37,1
419.62,444.34,16.59,6.36,119.45,3.63,1,1,15.4,1
534.9,96.16,24.68,7.53,89.29,1.64,0,0,7.87,1
462.66,226.73,22.07,7.63,92.18,1.9,1,1,15.03,1
323.11,299.02,22.61,3.58,91.45,1.04,0,0,8.63,0
239.35,276.41,39.57,1.95,87.94,4.39,1,0,2.35,1
607.34,137.24,31.07,4.63,98.63,2.72,0,0,15.58,1
355.92,436.47,32.94,1.79,87.91,3.07,0,1,2.35,0
351.39,354.62,39.42,7.54,73.75,3.06,1,1,18.52,0
347.59,427.06,24.43,2.29,64.08,2.35,0,1,1.97,0
369.81,436.44,35.05,2.77,75.02,1.37,1,0,10.11,1
335.56,386.76,25.86,3.85,86.28,3.85,1,1,14.74,1
292.63,247.64,36.74,3.68,73.68,1.07,0,1,8.47,0
295.31,324.75,19.52,6.56,86.29,0.97,0,0,5.13,0
346.72,122.16,38.69,4.19,88.78,3.7,1,1,15.42,1
295.66,353.14,20.47,2.2,96.66,1.44,1,0,15.9,1
278.72,130.66,23.16,2.87,105.66,1.88,0,1,18.53,1
360.64,362.28,33.9,4.56,81.56,2.64,0,0,8.15,1
324.5,153.32,24.84,2.03,53.84,2.52,0,0,10.62,0
500.4,102.9,30.21,5.28,73.1,3.69,1,1,7.9,1
84.9,124.38,26.11,4.96,80.88,3.31,1,0,5.88,0
459.15,50.9,33.56,6.0,43.28,3.4,1,1,15.27,1
474.61,373.43,20.71,7.56,107.77,3.71,0,1,7.45,0
142.66,379.58,16.46,7.39,82.85,1.82,0,1,9.13,0
315.73,281.72,22.5,7.62,87.63,1.95,1,1,8.67,0
312.86,122.61,26.86,2.71,107.31,2.47,1,0,14.54,1
209.25,87.6,19.2,1.92,67.4,1.88,0,0,18.44,0
272.22,58.61,23.87,3.12,91.48,4.93,1,0,13.67,0
238.94,124.59,25.0,7.27,77.8,4.16,0,1,9.96,0
525.23,450.88,16.43,7.8,76.32,1.24,0,1,15.8,1
443.57,158.69,29.58,7.02,64.56,0.53,0,0,13.18,0
477.16,209.42,37.11,1.77,113.31,0.69,1,0,2.15,1
422.17,97.41,18.79,7.63,72.49,1.6,1,1,2.82,1
237.09,150.06,29.95,3.96,93.99,1.01,0,1,1.72,0
297.55,283.65,31.62,1.07,42.5,2.9,0,1,9.68,0
398.94,323.49,25.48,4.1,103.6,4.36,1,0,16.69,1
227.79,160.41,32.53,1.32,101.04,3.82,0,1,6.95,0
421.3,75.98,25.27,4.81,81.95,1.47,1,0,8.3,1
325.97,225.96,27.62,3.37,75.46,2.3,1,1,18.28,1
312.52,155.39,15.18,4.31,88.0,2.79,1,0,16.9,1
421.1,148.8,32.29,5.29,125.78,4.15,0,1,13.64,0
394.43,481.94,31.53,7.08,44.74,4.28,0,0,6.07,0
313.9,327.34,15.96,5.63,95.64,4.59,0,0,3.22,1
465.93,300.6,24.21,4.04,61.77,2.79,0,0,1.31,1
241.89,237.1,39.48,6.74,79.6,3.62,1,1,3.03,0
411.59,243.02,25.52,7.34,75.04,1.0,0,0,6.56,0
409.31,293.41,27.55,1.84,71.43,3.04,1,0,11.48,1
319.05,363.39,37.75,4.72,79.79,1.62,0,1,2.22,0
382.61,365.97,32.93,2.99,57.32,2.44,0,0,3.59,1
224.89,127.26,29.55,1.33,100.58,3.35,0,0,4.44,0
442.4,275.05,34.95,5.68,44.12,1.66,0,1,13.01,1
331.51,235.38,36.61,7.04,90.8,0.73,0,0,12.7,0
297.73,441.74,26.42,2.14,73.47,0.55,1,1,11.46,1
454.9,334.14,26.88,6.69,56.58,0.6,0,0,5.76,0
279.57,289.63,24.65,6.97,84.05,0.54,0,1,8.05,0
209.15,101.93,39.17,7.4,48.86,1.0,0,0,2.84,0
194.34,322.54,32.43,2.86,80.79,1.58,0,0,5.3,0
410.6,102.74,17.08,7.33,51.54,1.5,0,0,18.06,1
221.96,201.74,36.57,3.24,89.23,4.94,1,1,19.61,0
525.48,114.28,27.01,4.87,61.51,1.88,0,0,13.31,1
141.81,361.43,16.72,1.35,70.98,1.07,1,0,18.42,0
519.65,142.81,28.74,1.31,85.88,2.96,0,1,13.21,1
371.1,226.34,25.43,6.04,64.55,4.36,1,1,1.63,1
340.33,453.05,36.94,4.11,78.84,3.55,0,1,19.94,0
295.51,141.94,20.1,2.79,49.72,1.83,0,0,2.88,1
389.91,278.51,35.66,2.33,92.62,3.03,1,0,13.97,1
346.24,238.67,28.94,5.69,115.3,3.72,0,0,5.8,0
460.33,58.16,16.37,1.0,135.84,3.78,1,1,8.45,1
361.42,406.74,39.3,6.64,81.82,3.5,0,1,13.27,1
365.03,81.07,27.82,1.55,95.76,4.42,1,0,9.29,1
313.64,263.41,22.27,2.34,44.39,4.42,1,0,5.76,1
344.31,302.31,26.74,3.7,110.05,3.11,1,1,7.35,0
380.78,332.79,36.45,4.39,95.52,2.43,0,1,7.49,1
178.98,359.88,22.62,3.48,70.32,3.39,1,1,19.23,1
215.18,163.97,19.82,3.24,104.74,4.18,0,0,16.17,0
424.33,54.49,18.23,7.75,74.91,0.53,1,1,9.71,1
367.09,375.55,22.45,5.49,70.84,4.96,1,1,4.8,1
331.6,291.05,34.5,1.16,89.51,1.32,1,1,16.41,0
351.84,426.25,26.79,4.01,58.73,2.62,0,1,3.99,0
384.76,419.62,20.69,7.13,100.43,4.42,0,0,5.0,1
296.02,429.5,19.15,3.11,58.88,1.51,0,1,7.95,0
272.17,268.29,23.32,1.66,59.0,2.65,1,0,17.73,1
369.58,200.13,38.5,6.31,61.81,1.1,0,0,3.5,1
252.16,406.2,23.58,5.24,95.19,2.28,0,1,3.32,0
390.83,253.08,39.7,4.99,67.66,1.3,1,1,10.39,0
179.74,132.55,27.13,1.38,53.04,2.14,1,0,6.25,0
452.92,434.74,19.48,1.98,67.89,2.18,0,1,11.81,1
397.26,447.15,37.28,5.36,79.36,4.97,0,0,9.58,1
375.6,259.84,26.51,2.45,56.38,4.98,0,1,9.26,0
448.27,84.06,32.74,4.53,56.97,1.02,1,0,3.13,1
516.55,224.52,39.59,4.81,122.23,3.77,1,0,3.68,1
451.44,411.59,16.25,2.98,62.79,0.73,1,0,16.6,1
165.91,455.8,17.42,7.64,73.54,0.64,1,1,17.83,1
222.04,141.56,33.01,6.9,72.66,0.97,1,0,5.46,1
287.52,80.14,22.05,6.06,71.57,4.84,0,0,3.16,0
352.61,444.81,19.61,1.55,92.43,4.73,0,1,2.01,0
401.77,225.23,15.98,1.74,98.96,1.37,0,1,12.56,1
277.43,293.79,15.55,4.45,73.88,1.23,1,0,14.59,1
368.68,485.63,34.36,2.12,55.27,1.58,1,0,8.08,1
274.46,79.95,18.36,7.85,105.49,2.82,0,1,13.91,1
288.85,341.74,26.69,2.11,78.09,3.06,0,0,14.55,1
209.33,83.35,30.15,4.41,114.61,1.5,0,1,18.77,0
257.68,218.96,25.71,3.55,35.09,3.9,1,1,2.23,0
214.83,411.72,15.68,5.48,83.91,1.89,1,1,4.65,0
252.41,245.06,34.59,1.9,118.37,4.65,1,0,2.3,0
455.36,498.73,15.26,4.01,72.93,3.46,1,1,17.49,1
255.06,301.58,34.05,2.92,75.49,2.46,1,0,16.06,1
613.24,194.52,37.33,7.21,85.91,4.05,0,0,11.92,1
399.33,149.05,25.82,1.28,68.82,4.18,0,1,2.59,1
368.48,207.73,28.39,7.4,73.76,1.81,1,1,6.19,0
264.16,217.64,26.92,6.83,73.24,2.03,1,1,6.66,0
420.03,80.92,24.73,3.08,67.45,4.71,0,1,11.65,1
292.44,216.31,37.19,6.53,104.58,1.24,1,0,5.9,1
362.2,258.91,37.35,1.22,89.22,0.69,1,0,2.39,1
606.01,375.23,23.4,7.77,85.01,2.54,0,1,14.88,1
340.39,345.53,30.38,4.69,96.17,4.11,1,0,6.68,1
464.93,368.94,38.17,3.12,74.71,3.97,1,1,9.6,1
279.68,53.76,39.05,3.54,64.52,4.64,0,0,3.43,0
346.5,147.95,27.72,1.46,67.95,2.9,1,0,16.25,1
527.08,347.76,26.32,7.93,80.04,0.95,1,0,11.75,1
287.3,267.8,21.97,1.28,58.82,3.15,0,1,18.13,1
531.24,52.39,38.97,5.58,69.99,4.0,0,0,10.41,1
420.78,412.02,18.57,4.1,69.68,0.92,1,0,18.89,1
293.75,397.76,29.5,7.64,122.49,1.28,0,0,17.95,0
413.24,296.79,22.06,2.72,24.52,0.56,0,0,11.95,0
447.26,79.91,21.98,4.72,76.41,3.17,1,1,18.74,1
412.18,394.93,25.12,4.38,114.51,4.49,0,0,7.14,0
192.98,312.67,39.97,5.92,82.44,3.52,1,1,7.95,0
277.29,401.88,16.37,1.48,95.07,4.92,0,1,1.86,0
325.25,388.29,29.46,2.36,82.0,0.78,0,0,12.19,1
342.56,411.35,17.06,2.5,66.65,4.56,1,0,14.72,1
412.07,283.1,18.86,6.17,35.16,4.16,1,1,15.7,1
367.77,113.15,25.99,2.32,84.11,1.91,1,1,3.85,1
216.47,352.02,27.76,5.01,64.49,4.88,0,1,9.44,0
388.02,329.21,21.47,2.51,63.99,1.8,1,0,4.36,0
411.06,384.01,22.91,7.03,70.02,4.5,1,0,13.58,1
405.98,126.45,17.17,7.6,114.9,4.46,0,1,4.0,0
458.08,137.74,22.58,4.63,128.1,3.91,0,1,18.18,1
433.39,450.68,39.16,3.47,84.34,3.04,0,1,5.38,1
395.92,387.49,38.62,2.64,70.7,1.04,1,0,6.54,0
342.98,458.7,23.37,1.35,56.46,2.89,0,0,17.17,0
183.9,391.42,29.27,2.88,89.37,2.11,0,1,9.71,0
392.96,318.72,37.74,5.58,115.66,4.06,1,0,1.46,1
370.77,344.36,15.15,4.74,75.05,3.91,0,1,10.4,1
377.16,450.11,35.27,7.61,32.42,4.6,0,0,2.61,0
222.33,310.46,38.71,3.77,93.4,0.57,1,1,19.72,1
241.89,334.58,17.28,5.86,99.71,4.14,0,0,12.17,1
455.32,120.41,19.04,4.43,48.28,4.72,1,0,5.87,1
346.04,263.26,39.02,4.59,83.53,4.05,1,0,11.71,0
418.15,372.38,28.44,2.87,89.02,1.09,1,0,2.46,1
352.83,171.92,15.35,4.18,78.54,0.87,1,0,16.2,1
352.98,141.01,21.44,4.3,64.18,0.59,1,0,18.58,1
443.83,191.22,26.25,5.95,100.32,3.33,0,0,17.61,1
298.4,158.68,32.32,7.58,71.93,3.33,1,1,7.49,0
359.61,146.71,33.33,3.31,50.3,4.94,1,1,7.19,1
303.77,241.18,39.89,1.3,39.01,2.29,1,1,1.67,0
306.55,458.53,22.19,4.47,105.22,1.99,1,0,13.38,0
319.08,278.18,28.46,4.81,92.33,3.31,0,0,11.16,1
372.21,134.56,28.33,2.18,81.76,4.22,0,0,9.73,0
302.13,84.64,25.14,6.32,71.19,4.72,0,1,18.24,0
475.58,363.27,19.23,7.89,69.42,4.11,1,1,4.19,1
260.54,222.26,39.44,7.62,58.49,2.42,0,1,1.18,0
331.31,419.82,36.33,2.38,71.37,3.36,0,1,2.39,0
306.03,346.78,27.46,7.13,37.6,4.35,1,1,5.24,0
494.7,408.31,30.08,5.93,65.28,2.71,1,1,1.63,1
369.66,172.38,20.68,4.18,73.78,1.48,0,0,10.55,0
453.18,361.56,28.59,4.78,92.2,1.26,0,1,6.97,0
201.44,168.83,32.37,6.95,79.2,0.5,0,0,4.43,0
376.71,472.58,27.88,4.36,95.9,3.73,0,1,15.25,1
438.96,336.37,39.76,3.61,106.98,1.0,1,1,4.88,0
358.23,196.03,30.28,4.45,101.16,1.6,1,0,14.06,1
456.55,171.28,24.27,5.05,89.41,1.84,1,0,7.64,1
298.27,135.92,34.3,2.32,80.24,3.02,1,0,10.72,0
490.93,362.59,19.26,7.31,60.38,2.29,1,1,18.74,1
579.89,148.42,24.61,5.72,94.8,3.54,0,1,1.71,0
313.72,317.89,23.67,5.43,113.59,0.75,1,0,10.51,1
305.45,169.09,25.8,1.7,86.84,1.06,1,1,17.23,0
495.34,347.89,34.54,5.23,118.35,2.75,0,0,12.17,1
507.96,416.72,27.1,1.85,49.49,2.02,1,1,6.26,1
297.71,400.11,34.85,1.55,56.92,1.83,0,1,8.56,0
307.98,392.38,29.41,4.69,97.1,0.8,1,1,13.93,1
321.82,134.48,23.55,3.82,85.29,4.53,1,0,17.93,0
215.55,89.77,35.25,5.12,106.28,3.61,1,1,1.78,0
258.13,364.53,20.96,1.62,79.69,1.05,0,0,2.36,0
249.59,215.76,20.61,4.02,62.64,0.79,1,0,7.18,1
273.22,244.56,27.61,2.22,75.73,4.89,0,0,5.42,0
346.53,64.02,21.52,7.91,49.35,3.57,1,0,6.03,0
373.42,166.81,15.23,4.93,57.43,2.38,1,0,5.2,1
505.05,65.15,31.21,5.81,99.45,3.66,0,0,4.72,1
250.16,445.63,27.78,3.28,97.46,3.9,0,0,3.48,0
448.43,159.53,26.14,1.66,87.26,4.01,1,0,18.75,1
328.6,300.8,39.17,7.83,45.58,2.65,0,0,3.74,0
345.05,67.54,29.28,3.0,72.83,2.43,1,1,4.88,0
417.48,350.08,36.59,3.97,55.5,0.55,1,0,5.68,1
237.73,195.36,18.49,5.55,103.53,4.67,0,1,18.73,1
388.24,454.06,29.23,1.17,68.33,3.21,0,0,15.36,1
366.65,449.65,36.7,6.67,58.29,1.41,0,1,16.0,0
399.25,196.38,29.58,4.76,80.6,4.64,1,1,2.99,0
378.92,455.43,32.95,2.95,67.2,4.62,0,1,16.89,1
595.53,498.27,24.3,1.43,109.67,4.95,1,1,8.76,1
286.23,421.44,17.31,2.14,65.3,4.43,0,1,5.99,0
296.9,430.19,26.45,7.27,52.02,4.99,0,1,11.94,0
287.69,162.05,24.86,5.8,36.94,1.6,0,0,16.62,1
294.45,309.52,36.68,2.75,79.38,4.29,0,0,15.79,0
286.26,80.27,21.1,1.46,68.76,4.2,0,0,17.91,1
468.9,92.71,39.17,5.83,51.42,1.54,1,0,18.63,1
492.05,499.5,38.95,5.01,103.78,0.94,0,0,5.52,0
292.93,196.99,21.19,3.83,93.34,4.91,0,0,9.05,0
266.76,386.68,23.7,3.55,79.44,1.83,1,1,1.28,0
397.14,413.0,37.39,2.52,107.29,4.42,1,0,17.71,1
294.78,436.11,39.17,5.69,93.25,0.52,1,1,3.94,1
413.29,498.93,26.09,7.79,63.54,0.59,1,1,17.37,1
370.29,158.67,23.02,2.23,59.22,2.6,0,1,7.26,0
198.43,68.16,28.15,5.18,96.36,1.57,0,1,7.99,0
504.75,235.04,32.19,3.97,87.93,3.6,1,1,1.74,0
529.59,108.54,21.84,4.13,83.39,3.05,0,1,7.21,0
288.72,60.09,33.41,2.78,63.07,0.85,1,0,17.88,1
311.23,212.19,16.29,6.78,92.16,1.23,1,1,1.49,1
378.59,402.68,16.23,4.4,64.89,2.25,0,1,8.72,0
383.45,304.78,24.66,4.8,77.96,1.34,0,0,1.6,0
415.85,190.75,23.84,3.13,108.94,4.07,1,0,8.05,1
551.02,344.45,22.89,2.27,66.78,2.37,0,0,4.28,1
332.31,154.41,27.28,1.6,48.54,0.92,1,0,5.79,0
270.17,56.47,23.02,6.0,58.95,2.68,1,0,17.67,0
212.07,393.96,19.81,2.37,99.89,0.91,1,0,9.28,0
276.91,330.68,22.74,5.83,85.09,1.08,1,0,6.2,1
346.69,393.04,39.37,3.73,77.42,1.58,0,1,12.2,0
529.46,67.52,25.28,3.91,69.82,4.37,1,0,3.7,1
298.24,426.7,26.12,4.28,89.71,4.66,1,1,5.93,0
372.38,328.79,29.41,3.57,63.02,4.22,1,0,11.38,1
348.36,303.53,39.58,1.7,86.11,2.0,0,0,5.51,0
468.84,331.08,21.04,3.17,65.37,1.73,1,1,13.9,1
602.69,438.99,32.03,5.65,62.05,2.97,1,0,10.34,1
296.91,314.12,32.9,5.66,67.25,3.75,0,0,15.67,1
301.06,311.43,30.18,3.0,72.49,4.97,1,0,19.02,0
454.42,495.81,17.21,4.22,79.02,1.09,1,0,3.2,1
418.19,390.53,31.92,2.35,84.71,0.72,1,0,7.36,1
534.67,249.03,16.6,2.47,6.23,3.62,1,0,7.07,1
408.39,368.33,29.9,1.16,63.85,4.25,0,0,3.87,0
314.07,225.15,33.49,7.28,72.17,4.31,0,1,16.4,0
409.07,152.99,20.27,2.47,110.1,3.55,0,0,15.44,1
460.87,318.58,36.04,2.59,58.4,4.79,1,1,10.2,0
432.05,467.68,15.76,2.96,83.26,2.8,0,1,11.22,1
400.73,468.11,36.1,1.89,109.9,4.61,0,1,2.13,0
456.67,203.86,26.51,5.47,53.74,4.86,1,1,11.55,1
466.93,287.45,20.44,1.53,87.88,4.31,0,1,16.04,1
488.22,145.24,18.34,1.94,63.95,1.89,0,1,11.9,1
414.87,498.03,38.83,5.51,69.91,1.38,0,1,6.04,0
333.29,491.5,16.82,3.38,63.94,2.97,1,0,13.68,1
364.67,342.28,19.98,5.96,65.36,2.54,1,0,7.87,0
470.65,411.99,23.7,4.9,134.44,4.45,0,0,11.35,0
268.31,371.8,30.51,2.79,96.89,0.95,0,1,10.26,0
386.87,316.92,28.62,5.56,102.03,1.66,1,0,8.24,1
310.67,74.01,18.14,1.81,89.84,3.88,1,1,14.66,1
352.87,254.64,22.24,4.75,47.87,0.93,1,1,17.79,1
477.85,353.65,20.97,4.06,87.9,1.94,1,0,1.1,1
369.11,354.89,20.34,2.88,101.46,2.24,0,1,18.74,1
354.64,217.91,25.28,5.23,62.93,3.3,1,1,10.72,1
214.01,473.76,32.6,7.1,99.31,1.21,0,0,14.31,0
424.63,125.31,20.44,7.99,94.09,4.37,1,1,17.26,1
414.55,275.16,24.17,5.25,117.04,2.51,1,0,9.87,1
566.33,360.9,24.77,3.83,71.64,4.63,1,1,16.86,1
319.22,363.71,39.41,2.58,58.05,2.61,1,1,4.37,0
371.92,341.89,38.87,2.8,72.77,1.74,0,0,4.02,0
374.94,173.88,35.0,4.36,108.71,1.14,0,0,13.49,1
507.75,120.29,21.04,3.57,43.43,0.52,0,0,17.53,1
340.47,336.17,16.7,7.4,38.63,2.89,1,1,17.96,0
377.9,319.69,22.92,3.58,81.79,0.98,0,1,13.23,1
410.79,130.71,21.67,3.61,71.15,2.26,1,0,10.98,1
368.66,367.31,27.65,3.68,80.15,3.15,1,0,7.3,1
305.36,254.83,34.44,6.86,98.91,1.74,0,0,19.62,1
369.41,350.49,36.46,5.56,68.95,1.29,1,1,7.07,0
457.36,426.82,36.12,5.3,42.54,3.99,1,1,15.14,1
247.35,126.38,23.99,3.34,120.89,4.76,0,0,11.11,1
363.3,58.62,32.18,6.73,60.06,0.95,1,0,12.56,1
279.99,400.6,22.82,1.27,58.82,1.2,1,0,8.48,0
469.5,324.36,16.52,7.1,102.07,4.82,0,1,19.33,1
197.68,364.84,32.54,4.59,72.31,0.67,0,0,11.86,0
294.11,427.17,15.25,3.79,78.73,4.9,1,0,18.82,0
387.72,411.26,25.23,4.48,89.66,0.52,0,0,1.14,0
506.55,482.41,23.23,5.67,101.67,4.43,1,1,11.88,1
343.42,291.17,32.33,1.09,73.33,1.88,0,1,14.63,0
294.48,269.82,34.16,7.1,110.4,4.72,1,0,15.16,1
538.12,230.85,22.6,4.13,37.28,1.93,0,1,18.19,0
205.2,119.16,35.29,3.4,95.2,3.44,0,0,1.08,0
130.12,307.67,22.35,1.97,63.21,0.86,1,0,1.01,0
394.0,174.66,26.16,4.08,107.45,1.59,0,0,9.97,1
299.79,464.59,33.18,4.47,82.84,3.98,0,0,1.56,0
247.88,312.44,32.32,3.83,66.54,2.88,1,1,19.52,0
420.84,316.78,39.68,5.75,93.26,4.68,0,0,5.22,1
374.38,209.72,20.63,3.95,97.86,2.43,0,0,9.98,1
293.59,73.4,31.56,7.73,92.84,4.41,0,1,2.16,0
221.97,64.28,30.24,5.19,59.41,2.52,1,0,10.92,1
437.25,240.5,37.88,6.65,70.32,4.91,0,1,8.22,1
415.02,88.05,18.91,1.77,79.92,4.82,1,0,1.85,1
340.08,323.08,33.79,3.78,79.17,1.98,1,0,7.37,0
534.66,446.44,29.21,3.36,94.99,4.49,0,0,8.44,0
242.99,447.31,21.87,4.99,39.7,4.31,1,0,19.81,0
197.45,346.57,26.86,7.03,86.69,1.45,1,1,4.95,0
280.81,145.05,23.34,1.55,74.2,3.31,1,0,11.35,0
345.44,438.35,29.48,1.51,63.23,0.83,1,1,19.76,0
374.33,448.74,37.23,6.95,65.15,4.27,0,1,16.05,0
325.88,138.49,29.23,2.49,75.71,1.29,0,1,19.87,0
385.21,381.84,30.79,5.68,7.98,0.82,0,0,19.4,1
224.85,178.93,27.97,4.8,65.97,2.3,1,1,10.3,1
494.38,411.19,16.28,6.83,62.48,3.1,1,1,14.23,1
341.78,498.76,20.82,1.88,90.66,4.35,0,1,3.1,0
461.73,63.51,27.3,1.91,63.89,4.88,1,0,9.38,0
384.27,453.81,22.76,4.9,75.7,2.48,0,0,16.37,1
395.68,330.18,19.54,7.62,110.85,0.77,1,1,10.6,0
406.98,488.02,27.6,3.9,99.89,3.87,0,1,14.35,1
394.77,259.25,23.07,3.29,98.05,3.04,0,0,15.17,1
414.27,431.32,21.45,5.25,70.0,2.52,0,1,5.82,0
482.92,78.08,26.6,7.51,90.86,1.89,1,1,17.64,1
369.65,200.88,18.33,6.86,75.32,2.76,0,1,9.74,0
420.9,80.16,38.19,7.97,76.08,2.02,1,0,4.99,1
341.03,488.9,36.69,1.16,88.19,3.91,1,1,17.44,0
494.01,417.64,32.69,1.79,68.06,2.95,0,1,8.94,1
282.36,433.65,17.66,5.27,109.86,4.45,0,0,15.26,0
530.09,472.08,34.4,6.74,76.8,2.95,1,1,11.41,0
345.98,88.3,35.2,3.0,92.37,1.57,1,0,8.26,0
206.92,223.52,34.19,2.67,109.11,4.33,0,0,16.39,0
362.81,81.97,17.85,6.51,100.63,3.01,0,0,12.1,1
281.89,144.86,31.1,1.39,51.82,1.43,1,1,8.42,0
434.06,153.21,35.86,3.59,88.9,3.31,0,1,3.08,0
284.74,261.1,29.43,4.54,97.01,2.11,0,1,18.01,0
305.38,170.85,31.16,4.92,97.84,4.3,0,1,1.67,0
161.05,95.44,26.46,6.1,57.73,2.54,0,1,17.4,1
304.77,125.37,28.22,3.48,66.86,3.77,1,1,7.84,0
107.61,116.27,15.86,5.29,99.89,0.93,1,1,13.15,0
191.61,487.88,30.97,5.1,64.76,2.28,0,1,18.52,0
426.04,391.68,17.04,4.83,74.01,4.92,0,0,3.88,1
428.58,485.49,25.88,5.48,111.52,4.14,1,1,11.77,1
392.55,247.88,22.32,2.82,79.04,1.22,1,1,15.52,0
253.3,175.27,28.64,1.59,65.46,1.75,1,0,15.39,1
345.23,409.23,18.34,1.83,62.45,1.98,1,1,10.99,0
349.64,196.81,32.29,2.57,86.65,3.43,1,0,12.87,0
234.16,184.72,34.88,4.5,53.34,3.91,0,1,15.39,0
500.34,154.63,19.08,6.88,75.05,3.87,0,1,16.98,1
437.74,108.36,17.61,5.91,86.66,2.79,1,0,15.47,1
327.9,165.41,18.64,6.52,105.98,4.15,1,0,7.73,0
352.69,209.89,36.93,3.46,93.35,2.47,0,1,19.94,0
370.84,353.3,28.2,3.83,65.72,1.06,1,0,9.26,1
145.83,78.15,26.68,3.76,103.57,3.04,1,1,1.46,0
325.28,144.73,17.67,2.34,74.01,4.79,0,1,7.89,0
281.8,414.06,31.24,1.43,55.29,4.07,0,1,3.43,0
249.84,116.11,36.7,5.14,76.56,3.1,0,1,3.31,0
321.89,204.19,35.7,7.92,108.76,3.41,0,1,6.35,0
529.77,439.1,30.65,2.17,83.3,4.69,1,1,2.01,0
414.08,119.72,16.88,1.33,80.25,2.43,0,0,14.08,1
292.88,87.23,17.81,6.46,112.74,1.99,1,0,2.41,1
407.26,268.04,16.23,2.77,51.37,4.9,1,0,4.86,1
489.94,186.09,21.44,6.81,54.29,4.39,1,1,2.77,0
442.46,303.53,18.39,5.93,47.68,1.95,1,0,2.2,0
355.96,411.71,21.5,7.62,87.45,2.59,0,1,6.09,0
285.31,111.72,24.63,3.86,83.33,2.37,1,0,11.87,0
419.82,311.31,38.57,5.63,110.85,1.17,1,1,19.33,0
389.35,277.48,30.26,4.25,84.87,4.81,1,1,17.64,0
439.52,114.84,35.87,5.41,71.92,2.32,0,1,17.64,1
413.52,330.8,32.76,4.15,80.04,4.44,0,1,4.35,0
454.96,173.14,17.81,2.32,82.35,1.35,0,1,6.03,0
296.48,269.53,33.4,4.56,46.56,2.97,0,0,2.45,0
481.74,87.02,21.88,4.7,134.21,0.61,0,1,15.79,1
369.76,256.81,30.98,6.67,90.4,3.94,1,0,2.33,1
557.53,187.91,23.52,6.15,84.2,3.11,0,1,11.58,1
281.08,420.07,39.94,5.65,92.3,3.32,1,1,5.71,0
523.6,75.64,21.59,1.79,94.19,0.73,0,1,5.63,0
369.79,238.37,21.98,6.04,77.19,1.45,1,0,19.82,1
284.86,256.29,38.27,4.5,67.38,0.83,0,1,15.38,0
301.61,376.25,15.62,7.26,91.99,1.8,1,0,16.9,1
317.97,308.43,32.42,7.44,87.71,3.32,0,1,11.87,0
392.42,350.25,33.13,1.39,63.8,3.05,1,0,17.55,1
402.28,399.67,35.91,6.74,108.38,3.25,1,0,13.26,1
292.63,437.99,39.36,1.26,85.87,2.97,1,0,18.98,1
347.56,191.24,39.39,3.57,94.6,1.73,1,1,6.35,0
564.23,292.11,16.63,4.8,107.84,1.6,1,1,12.31,1
522.75,428.05,35.55,2.04,80.44,1.12,1,0,14.11,1
393.63,495.25,31.16,6.22,86.34,4.32,0,1,8.47,0
353.8,450.28,31.18,1.06,96.2,3.27,0,1,17.71,0
362.0,217.16,18.21,2.18,65.5,1.34,1,1,19.62,1
411.35,137.82,31.25,5.07,81.08,1.3,1,0,10.38,1
247.72,270.23,39.56,6.0,82.51,4.43,1,0,8.42,0
324.26,383.74,37.8,7.42,60.88,3.84,1,1,9.97,0
183.14,271.66,25.98,5.94,126.35,3.47,1,0,17.2,1
389.92,267.43,16.0,5.7,51.85,2.33,1,1,13.26,1
414.72,427.2,24.06,3.76,54.04,1.68,1,1,1.85,0
301.68,212.63,35.66,1.01,106.28,4.91,0,0,11.3,1
507.4,436.91,32.54,1.84,94.27,4.09,1,0,1.33,1
227.42,233.06,26.48,4.74,59.48,1.86,1,1,15.79,1
203.56,197.7,16.38,5.73,92.15,4.31,0,1,7.24,0
372.45,254.3,25.67,3.92,109.36,3.92,0,1,9.97,1
454.71,393.1,26.73,6.11,79.39,1.84,1,0,16.17,1
518.39,106.7,38.21,4.65,131.98,2.42,0,0,1.88,1
304.11,138.39,31.03,1.52,45.52,1.34,0,1,4.01,0
457.87,478.15,22.79,2.34,93.88,1.0,0,1,8.56,0
346.15,128.97,28.13,6.88,103.33,3.75,1,0,5.37,1
332.74,305.48,16.65,6.07,97.83,1.7,1,1,7.42,1
438.37,310.69,39.31,7.26,75.91,4.19,0,0,19.97,1
415.23,270.33,24.0,1.82,74.19,4.98,1,0,16.68,1
192.36,340.14,26.95,7.93,88.88,0.84,1,1,17.79,1
497.65,153.42,23.88,2.47,96.32,2.63,1,1,18.8,1
488.01,298.7,32.06,1.08,92.05,4.11,0,0,7.48,0
287.44,217.48,31.56,7.98,100.8,4.05,0,1,6.64,0
389.58,347.75,32.88,2.97,59.62,3.92,0,0,5.45,0
399.4,113.55,21.7,5.68,75.44,2.07,0,0,16.77,0
376.07,306.89,22.89,2.24,61.2,2.54,1,0,13.91,1
294.97,133.37,18.13,5.06,72.28,3.18,1,1,5.49,0
282.84,175.39,31.39,7.33,100.3,4.88,1,1,8.16,0
347.44,148.42,15.99,3.24,82.16,1.97,0,1,10.63,0
467.27,132.28,29.94,5.69,132.14,4.65,0,0,11.03,1
404.36,421.57,36.74,2.32,83.87,1.71,1,0,17.89,1
312.94,178.57,37.27,5.37,81.19,4.95,0,0,8.23,0
427.17,467.21,26.23,3.36,82.12,3.52,0,0,18.26,1
65.15,486.47,26.48,2.48,67.24,2.59,1,1,9.39,0
464.88,307.07,16.92,3.19,78.84,3.26,0,1,15.18,1
176.03,114.35,31.77,2.25,102.56,1.73,0,1,18.67,0
313.76,218.55,35.53,7.31,82.28,1.73,1,0,18.24,1
238.03,408.98,21.12,3.78,64.13,1.01,0,0,2.08,0
220.53,215.33,25.53,2.72,61.5,1.01,1,1,4.91,0
466.08,89.16,35.97,4.14,71.0,2.06,1,0,10.06,1
303.23,300.55,36.93,3.24,81.48,3.93,0,1,9.2,0
384.65,430.3,21.08,6.21,103.87,3.24,1,0,13.18,1
345.31,408.17,28.76,7.8,53.19,0.96,0,0,18.95,1
397.7,128.81,19.81,4.07,73.6,4.34,0,0,3.14,0
357.68,352.74,17.55,7.03,82.89,3.21,0,0,9.59,1
221.7,149.23,37.78,4.96,43.33,4.82,0,0,4.66,0
449.63,148.19,35.51,2.1,63.33,3.52,0,1,17.99,0
300.62,443.33,34.0,5.83,66.4,1.29,0,1,19.33,0
194.34,162.35,16.22,4.59,64.08,2.63,0,1,10.1,1
307.19,168.46,36.09,5.55,83.84,3.42,0,0,2.98,0
500.08,50.29,25.95,7.23,76.79,0.63,0,1,15.92,0
435.02,441.8,23.56,4.08,68.89,0.57,1,1,14.25,1
315.13,406.67,28.66,7.31,88.56,1.08,1,0,7.74,0
315.07,332.3,17.28,6.25,114.46,1.63,0,0,17.86,0
317.84,387.62,33.92,4.42,112.79,2.43,0,1,19.54,0
557.67,118.42,29.56,5.22,41.54,2.69,0,1,11.6,0
388.19,256.25,19.66,3.28,91.54,1.12,1,1,11.75,1
393.0,208.05,19.71,7.89,76.44,3.53,1,1,6.65,1
453.03,92.2,19.61,5.67,83.1,3.18,0,1,12.11,1
373.88,268.76,16.43,1.31,72.03,1.83,0,0,9.35,1
324.1,464.33,29.69,3.29,82.35,0.56,0,1,6.74,0
330.37,68.03,36.01,5.36,83.03,0.85,1,1,2.28,1
342.84,181.16,15.44,1.39,68.42,2.26,0,1,5.8,0
346.28,143.39,16.23,1.17,62.07,1.19,1,1,4.76,0
422.76,157.17,29.32,4.15,71.03,2.2,1,1,11.3,1
355.19,458.8,35.49,3.33,84.69,3.33,0,1,12.43,0
423.26,260.63,23.17,4.07,91.98,2.96,1,0,12.56,1
341.93,259.83,23.74,2.84,97.07,1.54,0,0,8.38,0
357.86,392.26,29.91,2.15,70.12,2.05,1,0,9.0,1
150.18,119.52,21.86,5.82,85.68,3.26,1,1,16.85,1
441.63,269.27,15.67,4.6,99.25,4.37,0,1,10.05,0
384.65,243.49,33.38,2.4,103.31,3.89,0,0,19.77,1
449.8,318.61,30.64,3.24,78.82,2.99,1,1,9.35,1
60.37,499.8,29.52,5.14,75.58,2.13,1,1,13.34,1
558.84,396.25,33.54,1.51,83.82,2.14,1,1,1.96,0
336.04,229.04,31.88,2.03,57.01,4.46,0,0,13.41,0
460.82,422.4,20.15,1.51,76.13,0.68,0,0,17.18,1
246.01,126.82,23.81,6.69,94.89,4.95,0,0,18.91,1
411.28,63.71,18.15,6.27,92.84,3.49,0,1,19.95,0
244.66,142.0,18.25,6.27,74.59,3.57,1,0,6.36,0
287.62,203.19,31.9,6.01,84.35,0.67,1,0,11.93,1
541.4,279.76,36.47,5.69,63.51,3.22,1,0,9.56,1
330.93,326.81,39.07,4.34,94.07,2.68,1,1,11.71,0
371.74,459.77,30.71,5.5,78.44,0.98,1,0,3.99,1
437.01,279.43,19.6,1.27,74.48,1.75,0,0,17.27,0
399.57,275.57,17.64,5.35,72.77,4.51,0,1,18.28,1
365.04,72.61,35.32,6.45,78.74,2.97,1,0,9.54,1
386.5,65.71,29.47,4.5,71.04,2.36,1,1,6.33,1
590.34,298.02,30.46,3.5,93.16,0.83,1,1,3.68,1
344.24,247.18,34.54,2.94,72.09,3.71,1,0,13.99,1
370.11,427.63,32.58,5.5,111.86,3.66,1,0,6.93,1
455.07,122.31,35.86,5.85,109.3,3.26,1,0,18.28,1
460.55,61.24,16.41,7.1,62.17,2.8,1,1,13.75,1
468.7,252.07,33.69,3.4,81.39,2.45,1,0,13.27,1
413.87,156.87,36.27,6.39,66.99,3.17,0,0,11.63,1
235.7,72.33,22.15,4.93,73.47,1.55,1,0,1.87,0
513.34,376.07,31.01,7.18,120.05,4.74,1,1,18.71,1
235.37,100.22,22.85,4.69,73.85,3.15,0,1,12.93,1
380.26,323.74,38.95,4.62,87.2,1.9,0,1,19.89,1
274.57,176.47,15.84,5.05,90.83,2.52,1,0,11.21,1
343.59,128.07,29.49,6.25,59.99,4.13,0,0,14.49,0
382.88,220.89,19.16,7.75,62.9,1.23,0,1,2.07,0
382.14,410.65,32.81,1.51,55.88,1.82,1,0,13.0,1
392.19,226.44,19.4,1.37,62.28,3.56,0,0,15.53,1
511.37,387.85,20.88,7.56,23.0,1.92,1,1,15.79,0
395.35,106.47,27.36,4.71,90.89,4.07,1,1,15.63,1
325.58,397.75,37.87,5.3,121.08,1.09,1,1,5.3,0
446.41,156.62,20.29,4.38,82.96,3.93,0,0,19.53,0
468.95,354.83,18.61,1.66,51.67,0.81,0,0,19.91,1
227.24,304.6,33.97,6.38,67.14,0.56,1,0,2.44,1
409.74,468.12,27.52,6.23,70.82,4.54,1,1,18.79,1
420.12,224.3,37.79,3.18,59.65,3.12,0,1,6.5,0
320.24,79.77,18.67,3.14,97.2,2.08,1,0,14.1,1
487.57,58.62,31.15,6.86,96.21,1.55,0,1,7.42,0
334.99,422.09,20.82,1.51,56.89,3.28,0,1,19.39,1
362.56,286.13,18.92,7.17,94.5,2.79,0,0,2.93,1
332.69,398.86,32.09,2.8,110.54,4.96,0,1,10.46,1
351.56,155.49,29.84,5.15,118.05,4.92,0,0,9.13,0
240.37,205.29,33.87,7.55,137.3,3.36,0,1,7.19,0
205.99,63.55,22.74,5.75,61.96,2.49,1,0,13.27,1
509.45,482.67,26.2,3.9,136.48,2.71,1,1,3.49,0
265.3,350.54,25.14,5.83,72.92,3.57,0,0,14.62,1
250.86,469.94,39.6,3.41,68.15,0.96,0,1,19.63,1
134.66,169.47,22.31,2.94,86.54,1.98,1,1,16.29,0
286.1,325.16,22.37,7.98,68.36,0.84,1,1,17.34,1
217.69,355.32,23.86,6.26,87.98,0.83,1,1,7.83,0
514.2,192.9,29.11,5.51,53.6,1.38,1,1,7.17,0
450.98,431.65,21.31,3.49,75.22,2.68,1,0,10.82,1
281.18,476.22,37.88,1.34,105.71,4.03,1,0,1.87,1
575.24,448.18,21.64,1.22,78.86,2.68,1,0,18.96,1
448.18,382.58,37.4,4.88,82.83,2.01,1,1,3.73,0
317.52,174.86,17.59,6.33,89.51,0.87,0,0,18.16,0
100.06,176.73,31.41,4.76,103.41,2.98,1,1,2.59,0
579.09,483.51,37.67,6.89,46.9,1.72,0,1,16.63,1
211.04,54.63,19.22,1.23,91.69,3.27,1,0,3.89,1
185.46,372.22,39.21,3.57,74.64,4.9,1,0,1.72,0
452.26,367.81,26.32,2.66,83.33,1.0,1,1,14.67,1
593.98,330.21,38.64,4.13,101.2,1.45,1,1,6.33,1
488.43,495.55,31.92,1.51,56.12,2.63,1,0,14.58,1
406.39,190.35,22.54,7.68,59.75,4.86,0,0,11.55,1
409.48,202.99,19.71,2.56,41.29,3.97,1,1,3.07,1
435.34,85.52,22.59,7.46,69.02,4.54,0,1,18.71,1
425.89,249.26,17.33,3.98,106.61,2.0,0,0,9.59,1
378.12,167.47,18.6,7.9,77.59,4.96,1,1,14.95,1
360.42,204.52,17.62,4.88,53.2,0.96,0,1,10.52,1
343.74,425.56,25.57,7.52,70.29,0.74,1,0,12.48,1
274.6,470.97,34.89,1.04,50.24,4.35,1,0,6.75,1
321.93,133.58,18.53,6.24,57.5,4.67,1,1,4.81,1
180.7,217.63,18.26,7.32,87.78,0.91,0,1,11.31,1
340.17,467.88,31.09,1.98,56.52,1.01,1,0,9.36,0
251.14,77.81,19.93,1.67,102.25,0.65,0,1,8.41,0
239.64,91.56,17.44,3.97,78.58,0.97,1,0,13.78,1
367.99,123.26,19.17,7.54,81.71,1.44,1,1,14.12,1
489.2,317.85,38.09,4.8,74.43,4.87,0,0,1.87,1
441.83,117.71,35.54,4.69,95.46,3.51,0,1,7.44,1
192.95,485.63,23.85,1.99,95.66,4.0,0,1,8.82,0
251.04,251.02,31.4,1.01,86.7,3.99,0,1,2.84,0
444.08,275.68,28.43,6.67,91.3,2.91,0,0,5.48,1
251.75,161.0,31.93,1.61,75.76,4.09,0,0,1.98,0
327.54,261.93,32.07,5.44,90.84,3.18,1,0,19.93,1
405.01,347.86,30.72,7.4,73.24,1.92,0,1,14.99,1
253.17,388.03,21.65,2.46,80.04,3.02,1,1,2.66,0
360.54,389.24,15.98,5.66,74.51,2.9,1,0,1.38,0
216.6,310.05,26.39,1.55,70.86,4.21,1,0,14.67,1
289.86,456.96,37.27,5.23,66.22,4.92,1,1,9.34,0
381.98,417.83,29.24,2.15,89.35,2.35,1,1,15.95,1
190.7,390.67,35.81,6.15,106.21,3.94,0,1,18.55,1
394.05,75.02,39.79,3.11,103.42,0.95,1,1,12.39,0
348.04,53.1,19.09,4.24,54.87,4.0,1,0,4.56,0
405.25,145.6,32.29,5.2,105.78,2.17,1,0,15.86,1
372.39,348.59,31.86,2.2,73.64,0.68,0,1,19.16,0
486.41,235.04,39.5,6.19,92.01,2.13,0,1,12.02,1
362.52,231.08,39.64,3.12,61.88,3.25,0,1,13.96,1
307.06,448.06,32.17,5.64,82.84,1.04,0,0,7.41,0
362.23,453.0,21.09,2.11,86.27,4.66,1,0,8.25,1
404.33,459.13,34.96,5.82,50.31,0.85,0,1,14.96,1
354.89,191.25,17.68,1.9,92.17,4.69,1,1,18.63,1
354.06,360.98,34.52,3.98,106.92,3.68,0,1,12.95,0
279.8,172.23,37.75,2.73,76.51,1.98,0,1,16.01,0
283.71,135.77,24.57,6.24,107.2,2.26,0,1,4.26,0
209.74,133.08,30.77,2.83,76.21,3.83,0,1,5.03,0
524.96,203.95,25.75,7.17,96.99,3.21,1,0,11.11,1
225.61,243.48,25.94,7.24,35.63,3.52,0,0,4.35,1
280.71,423.93,22.76,2.38,128.38,2.25,1,0,13.06,0
278.16,103.95,34.05,5.3,109.91,2.7,1,1,6.54,0
439.49,380.72,38.4,1.61,74.31,4.95,1,1,16.04,1
320.51,289.15,38.52,3.74,40.56,1.46,1,1,16.35,1
474.77,179.58,19.37,5.99,85.76,2.38,1,0,9.81,1
282.65,271.77,36.87,5.62,51.12,1.81,1,1,4.44,0
377.9,184.97,33.44,5.37,88.9,3.94,1,0,13.29,1
266.47,318.24,21.32,2.98,88.23,3.94,0,1,19.86,1
564.51,245.23,16.68,3.65,61.17,1.82,1,1,12.83,0
231.24,123.98,21.7,1.72,102.42,0.87,0,1,1.68,0
380.98,102.46,37.81,6.03,96.11,0.55,0,0,1.33,1
413.38,296.01,30.83,4.53,99.52,2.42,1,0,7.09,0
391.38,456.09,33.03,5.96,80.18,2.35,1,0,4.72,1
331.47,204.78,21.43,2.74,51.69,4.95,0,1,16.45,0
337.02,379.85,32.98,3.27,99.56,2.61,0,0,17.05,1
354.38,346.4,15.7,3.34,74.59,1.65,1,1,5.91,0
335.3,469.2,24.38,1.18,52.2,4.51,1,1,7.19,0
446.39,419.44,30.67,3.39,107.04,2.71,0,0,5.49,1
571.05,304.97,18.65,6.62,121.99,3.2,0,0,18.26,0
294.25,345.66,35.58,7.28,79.18,0.93,1,1,10.55,1
213.02,454.27,20.88,4.63,123.18,2.22,0,1,13.47,0
341.17,229.78,31.31,4.19,81.83,4.75,0,1,8.89,0
607.97,197.06,25.13,1.22,72.39,3.15,1,1,12.99,1
269.63,54.86,29.9,7.15,67.39,2.05,0,0,8.33,1
513.91,421.95,17.69,1.09,112.74,3.32,1,0,7.45,0
517.77,410.44,15.42,7.61,64.4,4.6,1,0,13.06,1
294.64,97.0,37.74,4.42,94.71,1.73,1,1,12.23,0
406.9,309.59,21.74,3.39,68.82,2.77,0,1,6.58,0
512.84,258.79,35.49,7.47,70.79,4.81,1,1,3.84,0
312.09,103.42,39.98,1.17,100.6,1.28,0,0,8.0,0
329.64,491.26,20.29,5.07,72.4,3.74,1,1,8.89,0
291.83,146.61,21.63,4.84,71.9,3.27,1,1,12.95,1
248.52,80.26,31.57,2.54,102.66,3.56,0,0,18.38,0
285.07,317.68,39.14,4.0,111.95,2.08,0,0,1.69,0
227.61,382.49,37.9,5.57,92.89,1.91,0,1,5.63,0
353.41,64.6,27.57,6.09,66.9,3.58,1,0,4.68,0
273.0,346.42,34.88,1.01,69.79,1.47,0,1,10.54,0
373.38,289.53,18.39,7.56,81.6,2.39,1,0,9.16,1
194.41,96.47,39.44,2.15,86.42,1.35,0,1,14.85,0
383.09,127.64,39.11,2.64,60.24,0.54,1,0,5.61,1
433.35,305.59,19.09,2.84,94.46,4.87,1,0,12.3,1
150.63,183.36,22.49,1.26,81.71,2.44,1,0,17.79,1
387.41,472.24,17.5,1.86,45.69,4.86,1,0,18.3,1
472.77,418.43,21.79,7.9,61.42,1.13,0,1,19.22,0
229.04,492.61,35.4,3.21,69.92,3.14,0,1,15.69,1
517.26,166.85,24.46,1.81,78.54,1.4,1,0,18.21,1
391.9,486.38,17.21,1.75,117.79,4.06,1,1,5.46,1
279.5,244.06,23.56,6.04,84.76,4.03,0,0,4.75,0
344.42,206.38,39.53,6.98,63.18,1.01,0,0,1.12,1
405.83,72.66,30.74,2.8,84.41,4.6,0,1,14.43,1
357.6,73.74,25.4,1.15,72.96,1.38,0,1,18.81,0
403.88,361.41,19.16,2.56,86.5,3.26,0,1,4.55,0
257.93,256.07,39.65,1.4,91.61,4.94,0,1,13.1,0
366.94,151.93,35.52,1.72,104.18,4.47,1,1,15.18,1
208.63,326.29,22.04,4.02,79.51,4.8,0,1,18.62,0
338.88,163.79,16.75,2.61,112.78,2.04,0,1,13.29,0
259.61,309.93,16.42,4.61,98.16,0.98,1,0,19.44,0
276.45,211.64,18.01,2.77,65.85,1.35,0,1,7.55,0
473.61,420.6,29.52,7.58,124.2,2.75,0,0,7.65,1
459.13,419.31,38.22,7.34,86.54,4.07,0,1,11.32,1
410.91,264.81,27.42,4.97,63.3,1.18,1,1,8.29,0
240.77,207.87,36.07,3.48,113.06,3.47,0,0,1.03,0
318.36,213.15,26.15,3.67,121.56,1.96,1,0,14.9,1
471.31,412.57,32.71,3.88,79.34,2.04,0,0,15.28,0
364.17,197.68,33.3,6.09,69.93,3.48,1,0,15.19,1
581.93,144.08,19.35,4.16,76.55,2.6,0,1,7.56,0
389.33,88.11,24.03,7.0,94.29,4.15,0,1,10.92,0
369.2,260.01,30.93,7.61,105.56,1.2,0,0,7.84,0
319.09,266.96,16.77,3.35,91.41,4.05,1,0,1.3,0
363.35,428.41,24.04,4.92,82.03,0.79,0,1,11.69,0
334.75,149.56,28.37,1.67,109.96,1.37,0,1,3.35,0
420.81,221.45,39.91,2.4,73.74,3.45,1,0,2.52,1
445.67,413.78,26.86,3.89,100.62,4.35,1,1,15.35,0
271.4,420.63,35.4,2.44,74.24,1.64,1,1,1.18,0
216.88,223.07,25.8,7.14,88.62,1.97,0,0,19.22,0
166.38,256.61,34.91,2.11,77.73,2.92,1,0,10.79,1
400.8,186.48,29.89,4.19,78.88,1.45,0,0,19.68,1
239.66,469.65,37.16,5.24,72.45,4.15,1,0,2.1,1
134.71,103.39,25.27,5.84,106.9,3.98,1,1,12.09,0
388.86,470.19,30.11,3.68,65.34,1.15,0,0,7.64,1
599.3,357.74,30.75,7.08,65.2,2.59,0,1,17.03,1
349.39,289.21,25.43,4.98,122.42,3.99,0,1,7.86,0
433.85,64.7,18.61,4.08,99.56,2.02,0,1,5.95,0
358.18,264.02,17.34,1.47,32.3,3.35,1,1,17.29,1
340.11,233.49,15.42,4.25,68.69,0.73,1,0,8.12,1
441.91,122.55,36.84,6.75,43.76,3.24,1,1,1.32,1
320.97,345.38,20.91,5.3,60.99,1.19,0,0,8.42,1
376.74,487.02,20.29,6.83,17.23,4.24,0,1,13.44,0
382.17,302.98,33.4,4.46,77.26,2.1,1,0,5.83,1
283.19,371.64,23.0,1.83,57.16,1.77,1,1,9.21,0
449.2,80.8,27.65,1.1,81.2,4.28,0,1,2.08,0
332.5,237.95,19.06,3.12,47.5,0.73,1,0,12.17,1
274.43,102.36,38.99,5.89,81.66,2.28,1,0,15.37,0
403.65,325.76,36.29,6.53,71.7,2.17,1,0,8.85,1
260.15,472.32,36.59,3.07,110.04,1.78,0,0,8.98,0
352.82,347.8,25.17,4.47,108.23,4.6,1,1,2.68,0
349.09,84.56,34.06,3.95,95.71,3.88,0,1,4.84,0
458.59,209.6,18.6,3.87,73.47,0.79,1,1,3.94,0
397.47,297.8,15.22,2.62,119.71,3.72,0,1,10.15,1
347.5,231.44,15.5,1.95,48.94,2.87,1,1,11.06,0
431.78,425.14,29.67,2.38,51.93,4.55,1,0,19.03,1
489.02,416.6,26.38,1.39,78.32,1.91,1,0,2.39,1
405.78,325.32,27.95,2.39,125.08,3.08,0,1,12.4,1
351.04,218.06,15.19,1.06,75.95,2.75,1,0,11.0,0
218.82,164.9,25.57,5.39,76.34,2.7,1,1,10.81,0
243.49,97.64,32.95,3.21,51.16,2.55,0,1,17.59,0
319.48,209.7,26.07,7.81,98.92,1.43,0,0,4.91,0
289.05,235.93,33.31,2.36,99.06,3.9,1,1,1.77,0
331.3,354.12,20.83,3.42,95.78,2.53,1,0,13.77,1
355.66,346.17,35.33,3.5,67.42,4.81,1,1,7.56,0
402.97,81.55,29.71,1.06,65.87,1.67,1,0,1.33,0
342.95,227.87,20.27,6.87,54.14,3.57,1,1,5.78,1
398.65,131.8,20.92,1.22,81.68,4.73,0,1,6.88,0
356.45,120.57,30.7,7.58,58.39,3.49,1,0,12.72,1
152.45,422.29,35.75,7.24,56.45,4.42,0,1,4.28,0
256.07,68.86,25.39,4.75,71.53,4.22,0,1,8.85,0
335.59,238.63,21.46,4.81,70.22,2.12,1,0,10.17,1
229.03,125.69,36.68,5.58,69.24,3.2,0,0,9.73,0
409.99,445.7,31.73,3.71,89.33,1.2,1,0,19.5,1
503.08,300.67,26.2,5.53,81.58,2.91,0,1,1.86,0
471.88,154.12,27.2,1.31,74.24,1.54,0,0,19.07,1
328.66,276.09,20.11,1.38,83.66,3.85,1,0,12.06,0
499.07,379.17,30.67,4.2,60.17,2.88,1,0,16.12,1
364.87,481.15,23.97,4.85,82.11,2.35,0,1,9.18,0
316.29,149.2,39.89,7.21,83.01,1.71,1,0,9.62,0
288.66,448.78,27.0,1.73,49.94,4.99,1,1,17.71,1
319.75,470.44,27.15,6.76,99.91,0.82,0,1,18.02,1
311.18,462.39,29.15,2.47,62.37,0.7,0,0,5.54,0
367.04,335.94,37.92,3.76,81.81,1.48,0,1,4.79,0
366.06,333.42,35.02,3.22,103.29,4.87,1,1,10.43,1
350.3,231.44,26.28,3.8,98.51,4.91,1,1,18.11,0
393.69,388.58,32.97,2.05,80.69,3.45,1,1,7.12,1
469.06,289.08,29.66,4.52,72.75,4.46,0,1,13.39,0
444.96,354.85,27.31,6.61,98.95,1.46,1,0,14.45,1
201.51,242.81,19.81,4.09,93.49,4.87,0,0,15.79,0
94.61,379.17,26.6,4.43,67.63,1.14,0,0,11.71,0
443.43,421.01,21.15,6.94,64.1,0.96,0,1,8.65,0
213.31,115.9,37.87,5.94,38.55,1.0,0,0,19.37,1
327.52,424.82,23.39,4.43,83.08,3.08,0,1,12.62,0
232.99,293.13,38.81,2.8,78.35,4.01,0,1,14.84,0
169.8,430.1,28.33,7.19,102.72,2.15,0,1,7.55,0
404.15,244.09,30.79,5.04,87.18,4.9,1,1,13.73,1
425.92,220.57,28.57,2.55,106.68,2.45,0,0,5.9,1
292.35,461.78,18.23,2.88,66.05,1.18,1,1,5.66,0
90.9,163.03,24.4,6.62,102.76,2.6,1,0,14.58,1
295.38,429.9,17.48,1.31,69.42,3.56,1,0,10.91,1
389.18,267.81,30.57,7.94,95.55,4.25,1,1,13.98,1
202.11,281.34,26.17,1.91,50.82,2.56,1,0,6.12,0
368.34,188.81,34.45,6.57,84.7,3.17,0,0,12.38,1
348.47,307.87,20.51,3.76,40.31,1.7,1,0,9.43,1
407.93,196.35,19.11,4.45,74.66,3.41,1,1,12.34,1
361.96,67.67,25.16,7.16,88.81,4.94,1,1,6.53,0
252.69,172.4,38.16,3.89,69.58,0.72,0,1,14.59,0
469.66,52.87,32.76,4.76,58.99,4.49,1,0,16.31,1
334.15,490.26,25.47,1.35,96.92,3.03,1,0,5.94,0
347.27,484.59,27.93,1.02,77.93,1.63,1,1,6.71,0
256.67,227.82,17.11,2.71,70.21,4.8,1,1,13.56,1
305.67,377.77,39.61,5.76,80.84,2.68,0,0,14.22,1
261.52,205.61,31.66,1.85,132.73,1.99,1,1,14.38,0
332.71,351.99,22.14,1.8,103.07,1.32,0,1,13.97,0
521.17,412.44,29.65,3.88,103.25,1.6,0,0,8.46,0
212.81,476.04,17.74,5.53,88.71,4.25,1,0,8.5,0
188.64,230.1,39.15,5.98,83.33,3.26,1,1,5.84,1
497.12,402.48,19.37,2.25,32.08,4.61,0,1,3.98,0
329.07,169.67,31.2,1.56,66.42,1.54,1,1,14.16,1
283.09,495.65,21.14,7.58,70.39,1.05,1,1,2.77,0
453.99,61.6,32.94,2.82,42.5,0.53,1,0,18.82,1
289.44,321.59,34.42,6.97,56.85,2.79,0,1,16.71,0
532.6,346.78,31.84,7.04,40.38,4.99,0,1,17.29,1
417.79,359.62,30.36,6.41,79.23,3.63,1,0,18.23,1
301.21,104.17,37.31,2.18,96.38,1.89,1,0,8.76,0
565.73,472.34,16.97,6.75,102.14,4.45,0,0,17.09,1
289.43,131.53,23.27,6.38,88.3,4.02,0,0,4.0,0
424.21,330.24,21.21,5.18,60.73,0.57,0,0,1.41,0
379.93,150.2,39.7,3.36,41.36,4.18,0,0,15.91,1
480.17,188.25,24.73,2.84,44.86,1.85,0,0,2.42,0
506.15,295.91,33.32,1.85,54.62,1.17,0,1,19.78,1
353.2,237.74,32.12,4.57,62.22,1.52,0,1,13.82,1
274.66,122.1,20.3,5.1,76.81,2.61,1,0,15.32,1
396.0,126.92,20.97,3.52,59.72,2.41,0,1,5.67,0
282.23,238.17,22.03,4.33,86.78,1.8,0,1,13.8,0
551.34,390.78,25.28,3.54,75.35,1.27,1,0,1.82,1
363.65,454.08,20.86,5.49,80.21,3.93,1,0,16.92,1
313.47,87.86,15.49,7.31,102.81,4.96,1,0,4.22,0
368.47,226.9,36.98,2.15,56.4,4.0,0,0,14.25,1
215.29,95.11,39.14,3.67,88.37,1.83,0,0,5.27,0
252.84,57.47,23.54,1.99,79.72,1.6,1,1,2.3,0
470.04,347.77,23.46,5.37,73.33,1.48,1,1,10.15,1
284.31,321.1,15.18,6.1,97.71,1.12,1,0,4.22,1
245.31,123.36,32.01,7.52,97.58,2.98,0,0,14.86,1
403.67,155.22,35.64,2.95,61.07,3.22,1,1,5.51,1
468.57,60.67,18.67,7.65,76.36,3.67,0,1,7.51,0
421.9,425.73,18.99,1.44,85.62,3.56,0,1,11.78,0
449.6,488.61,34.75,5.22,74.54,1.82,0,0,6.41,1
274.32,110.96,30.41,1.4,91.7,1.99,0,0,8.18,0
207.82,154.16,16.12,7.26,85.62,3.57,1,1,16.5,0
500.13,440.78,30.56,4.71,116.65,2.07,1,0,4.4,1
317.73,466.91,22.72,5.69,49.39,1.46,1,1,2.56,0
324.92,238.83,24.22,6.82,77.55,2.18,0,0,7.24,0
482.82,72.78,34.24,2.05,61.83,1.72,1,0,9.06,1
405.62,67.73,35.27,1.27,92.08,0.9,0,1,11.31,1
395.59,308.28,25.01,7.15,47.66,4.24,0,1,8.08,0
566.5,226.8,38.68,3.2,86.93,4.34,0,0,16.01,0
285.65,62.89,25.16,1.9,67.4,1.49,1,1,1.75,0
442.78,312.46,34.3,4.28,65.32,0.79,0,0,9.2,0
355.7,55.09,27.1,5.19,51.07,3.82,0,1,8.26,0
376.86,404.32,37.44,1.22,70.7,1.45,1,1,13.3,1
502.85,187.89,37.69,2.92,101.69,2.27,1,0,19.36,1
400.78,68.12,17.19,1.23,79.5,0.79,1,0,10.7,1
403.83,314.76,38.41,3.94,92.55,1.52,0,0,19.75,1
457.25,228.96,35.64,7.27,113.29,4.07,0,1,6.74,0
313.5,488.21,34.78,7.88,85.28,4.12,1,1,1.59,0
266.08,294.89,20.02,5.46,68.82,1.43,0,0,4.15,1
245.52,173.86,35.13,2.13,89.35,2.01,0,1,8.51,0
153.36,369.25,36.25,7.34,69.11,1.1,1,0,7.01,0
555.62,172.17,22.23,4.61,69.91,0.83,1,0,2.84,1
239.68,456.91,38.81,2.08,49.6,4.96,1,0,9.22,0
327.87,218.62,16.25,7.45,98.53,3.45,1,0,7.42,0
322.32,297.44,18.75,6.3,72.28,2.94,1,0,3.33,1
380.74,72.76,28.44,6.12,83.64,3.94,1,1,6.63,1
431.57,241.75,29.39,5.96,59.28,4.28,1,1,17.84,1
436.05,424.56,31.13,2.4,88.72,4.13,1,0,6.74,1
291.69,412.54,15.42,2.48,64.76,0.57,0,1,14.57,0
333.29,150.94,39.01,5.82,77.17,1.34,0,0,12.63,0
378.26,151.74,16.11,2.54,97.56,3.45,0,1,9.12,0
325.13,417.79,18.58,4.07,95.82,2.19,0,1,5.54,0
510.73,468.68,15.35,6.47,79.56,4.92,0,0,8.01,0
399.1,92.91,29.17,6.49,44.64,3.49,0,1,12.25,1
423.49,252.53,38.31,4.17,139.86,4.8,0,0,7.66,0
416.29,201.85,31.65,6.55,114.92,1.41,0,1,5.08,1
467.35,441.81,35.57,6.87,94.45,4.39,0,0,3.21,1
368.1,87.59,15.33,5.58,64.94,1.95,0,0,17.72,1
220.32,145.01,28.55,2.6,77.73,4.95,0,0,9.37,0
389.97,388.61,26.49,2.92,69.13,1.21,1,0,12.88,1
284.86,73.08,27.47,3.2,105.28,2.82,0,0,10.32,0
297.14,271.64,16.81,1.82,85.25,4.07,1,0,17.58,0
408.64,248.95,32.11,2.91,64.32,2.45,0,1,11.39,1
473.83,200.48,27.58,2.47,70.58,2.61,1,0,10.13,1
352.13,227.56,34.13,4.19,102.42,4.94,0,1,18.57,0
380.88,288.47,27.13,7.36,112.0,2.41,1,0,14.67,1
520.22,122.62,18.73,1.73,110.57,3.22,0,1,3.12,0
374.08,307.4,31.21,6.04,95.14,0.75,1,0,4.38,1
610.17,412.44,19.31,5.81,74.95,4.29,0,0,15.96,1
406.55,392.07,36.81,1.67,15.17,3.42,1,1,16.88,1
173.92,119.25,30.33,7.46,85.94,2.32,0,0,11.36,0
425.33,117.16,18.93,4.98,79.96,0.57,1,0,11.53,1
388.12,170.68,39.06,3.55,82.8,3.16,1,0,13.01,1
478.98,212.48,27.96,6.3,81.08,0.56,1,0,9.34,1
417.32,233.81,16.82,2.8,53.47,0.51,1,1,13.92,1
336.15,355.86,30.67,5.85,91.15,3.27,1,0,3.06,0
227.57,75.51,21.33,1.28,92.64,1.35,1,1,19.26,0
329.1,65.6,35.09,6.88,93.65,1.36,1,0,15.25,1
264.95,226.36,35.45,4.14,98.93,3.44,1,0,12.99,1
291.95,363.72,39.47,5.46,92.08,0.74,0,0,7.01,0
408.86,137.05,27.55,2.55,71.8,1.91,0,0,4.06,1
516.99,338.68,26.37,5.74,78.58,1.17,0,1,8.78,0
389.47,166.92,33.84,6.41,81.82,3.11,1,0,13.57,1
230.41,448.74,18.31,4.31,82.15,3.48,1,0,13.04,1
394.46,453.06,28.67,5.32,99.96,3.75,0,0,8.27,0
469.66,183.78,28.66,4.19,92.87,1.65,0,1,12.65,1
289.02,153.5,17.24,7.26,121.55,0.9,1,1,16.46,0
336.6,235.09,25.45,4.49,124.13,0.85,1,1,1.5,0
351.47,158.24,36.33,6.89,81.59,2.42,0,1,9.56,0
271.51,352.57,36.4,6.61,3.27,4.76,1,0,15.41,1
414.83,421.73,17.48,3.87,104.74,1.48,0,0,11.38,1
337.91,352.89,17.27,2.61,69.19,1.66,1,1,13.38,1
391.95,420.96,21.57,3.84,63.97,0.95,0,0,10.82,1
261.25,228.65,36.87,6.78,72.03,3.23,0,0,19.85,1
306.25,120.34,18.22,2.59,71.07,3.56,1,1,2.04,0
422.24,382.08,33.0,4.67,92.25,3.39,0,0,10.33,0
312.72,212.21,17.53,6.64,48.81,4.38,1,1,2.74,1
522.7,352.07,30.58,3.47,58.45,2.69,1,1,4.04,0
310.04,171.79,23.9,5.5,86.86,1.11,1,1,8.28,0
372.47,86.55,34.72,2.72,92.46,1.8,1,1,3.96,0
443.26,496.66,20.84,1.76,92.83,3.48,1,1,19.31,1
208.16,120.29,30.98,6.56,64.26,3.26,0,1,18.99,0
173.92,494.79,20.89,1.69,60.43,2.89,1,0,7.39,0
197.43,489.78,32.84,2.9,69.87,3.57,1,0,13.16,1
476.26,407.22,36.84,6.99,84.8,3.37,0,0,11.14,1
294.81,346.74,18.17,3.43,109.71,4.47,1,1,16.5,0
605.82,310.01,36.66,7.81,39.05,3.14,0,1,12.92,0
293.58,439.75,29.84,7.86,75.59,4.0,1,1,1.0,0
368.46,180.25,18.18,2.88,53.35,1.62,0,0,15.5,1
504.21,260.46,25.69,1.29,46.96,3.55,1,0,15.19,1
550.61,328.73,19.02,5.94,99.34,4.56,1,1,10.68,1
556.15,235.04,32.51,4.16,90.89,2.24,1,1,18.16,1
470.84,242.37,33.97,1.71,88.99,4.01,1,1,18.26,0
452.41,198.63,17.64,5.95,98.42,3.76,1,1,10.95,1
409.25,303.9,27.65,1.22,70.41,0.77,0,1,12.55,0
427.84,432.76,35.37,7.09,71.35,3.12,0,0,19.93,1
294.88,140.69,38.4,1.97,123.71,1.09,1,1,6.68,0
268.18,470.49,27.84,1.89,75.07,4.85,0,1,7.17,0
349.66,360.09,38.76,2.23,94.7,4.15,1,1,4.47,0
332.98,420.47,28.39,7.72,80.13,0.99,1,1,18.02,1
304.68,300.29,24.85,5.85,43.03,1.05,1,0,15.15,0
419.64,400.78,36.21,6.61,39.11,3.18,0,1,3.01,1
445.53,57.29,27.32,3.78,68.42,2.05,1,1,19.65,1
358.84,418.27,26.8,3.35,101.12,0.66,0,1,14.89,0
497.75,68.06,27.26,2.64,95.77,2.94,1,0,17.16,1
235.83,450.46,36.17,4.36,98.28,2.25,1,1,1.91,1
330.63,496.38,35.8,4.86,60.26,0.95,0,0,10.59,1
278.32,182.33,25.09,5.42,112.32,4.11,1,1,14.27,1
163.35,144.64,23.33,2.8,60.7,4.62,0,1,11.32,0
341.73,394.41,27.3,7.64,84.26,3.9,1,1,13.67,1
337.83,163.86,29.32,2.19,79.79,4.2,1,1,16.54,0
501.34,439.5,20.96,7.76,76.52,1.47,1,1,8.11,0
413.08,96.28,34.85,1.1,106.77,1.69,0,1,17.12,1
247.58,106.68,27.16,4.37,65.9,1.44,1,1,4.1,0
535.41,490.62,23.35,3.33,53.01,3.94,0,1,6.15,0
472.1,353.23,17.67,4.14,80.4,4.77,1,1,1.82,0
408.21,431.1,20.97,4.99,72.0,3.73,1,0,7.92,1
327.35,195.95,38.73,4.05,147.55,4.47,0,0,8.22,1
254.06,354.42,22.63,3.9,93.53,3.37,1,0,16.3,1
312.78,317.41,19.22,6.13,71.81,2.24,1,0,13.41,1
458.87,321.42,26.52,5.8,58.88,2.42,0,1,9.3,0
538.46,357.14,22.68,6.83,42.39,0.84,0,1,13.39,0
504.32,308.91,15.88,2.75,59.5,0.64,0,0,2.0,0
301.12,243.08,23.08,5.27,82.3,3.63,1,0,4.43,1
238.04,174.17,28.6,5.1,108.55,2.47,0,0,12.91,1
364.09,395.86,28.79,3.59,102.43,2.98,0,0,13.19,1
173.16,151.82,23.91,4.4,84.58,3.01,1,1,15.71,1
382.32,361.56,26.18,3.2,73.54,1.75,0,0,8.66,1
335.24,155.0,39.14,1.99,85.38,2.64,0,1,14.73,0
303.4,331.4,24.43,2.5,69.63,2.62,1,1,14.0,1
190.53,386.19,21.46,1.74,114.37,2.25,0,1,19.3,0
401.36,148.42,21.09,5.78,76.22,4.19,1,0,5.09,1
296.73,76.97,26.44,5.63,78.27,2.53,0,0,11.48,0
233.01,108.94,33.99,7.65,35.68,3.22,0,1,12.43,0
62.77,322.7,20.15,6.11,76.09,4.53,1,0,19.97,1
347.25,432.25,32.73,1.36,96.73,4.4,0,0,4.82,0
527.23,70.25,15.53,7.19,58.65,4.51,1,1,10.94,1
516.13,380.37,25.47,7.04,64.99,1.72,0,1,7.58,0
304.29,203.59,34.4,4.1,95.85,0.66,0,0,10.99,1
289.78,265.34,23.47,5.1,50.47,1.67,1,1,5.41,0
396.88,467.99,29.09,7.83,101.16,1.75,1,0,1.9,1
250.16,199.39,20.12,4.73,69.36,4.59,0,0,11.88,0
380.18,259.4,33.55,7.34,72.23,3.42,0,1,7.38,0
426.61,56.16,16.31,1.58,57.52,0.87,0,1,4.46,0
472.69,86.72,36.31,2.34,87.56,1.11,1,0,7.15,0
339.98,166.37,19.95,4.09,129.2,1.2,1,1,1.94,0
329.63,62.53,36.86,5.09,95.63,3.34,0,0,19.06,1
262.2,334.12,23.81,6.71,62.71,3.81,0,1,12.04,0
267.31,241.88,33.07,7.92,102.71,4.37,0,0,16.48,0
327.35,296.67,22.98,3.72,73.67,4.73,1,1,9.04,0
386.74,128.59,37.65,1.33,107.49,1.41,0,0,18.16,1
441.36,183.17,18.17,6.61,96.13,1.89,1,0,10.18,1
269.68,348.72,19.46,5.23,21.14,1.58,1,1,11.9,0
499.27,484.39,27.33,2.39,59.92,2.11,0,0,10.34,1
322.89,72.69,17.05,4.46,98.89,4.62,1,0,14.93,1
347.86,450.67,19.9,6.2,83.03,3.09,1,0,11.77,0
275.28,309.6,38.59,6.39,59.52,3.82,0,0,6.16,0
107.58,303.76,39.41,4.5,67.33,2.71,0,0,3.77,0
438.4,275.13,24.41,3.14,41.88,0.63,0,1,12.52,1
423.68,81.23,38.08,7.82,78.23,0.79,0,0,10.29,1
321.87,90.44,28.62,5.64,124.21,2.92,0,0,2.82,0
356.7,320.41,21.74,3.86,96.1,3.73,0,0,8.52,1
401.59,203.43,32.56,2.96,123.81,1.47,0,1,10.78,1
193.75,462.77,31.47,6.12,97.65,3.75,1,1,16.71,0
297.09,232.97,39.73,2.7,100.55,4.15,0,0,2.45,0
429.43,114.48,21.63,2.2,119.48,2.35,0,0,7.62,0
224.57,371.62,31.8,4.71,87.55,3.86,0,1,16.63,0
379.36,182.01,16.3,3.03,76.26,2.32,0,1,13.32,0
214.34,286.46,17.84,5.4,100.65,3.55,0,0,6.51,0
396.64,364.02,15.1,1.83,109.08,3.94,0,1,17.06,1
346.44,455.12,39.99,5.58,70.4,4.96,1,0,10.37,1
188.49,406.49,35.06,2.98,65.57,2.05,0,0,10.47,0
466.47,354.36,34.67,1.0,82.78,2.35,1,0,19.56,1
276.54,355.83,27.74,1.89,96.63,1.25,0,1,19.0,1
268.97,475.67,22.5,7.54,95.96,1.42,1,0,7.81,0
370.06,183.12,18.78,7.07,51.52,3.62,1,0,3.67,1
464.86,50.5,22.12,2.64,118.23,4.63,1,1,7.19,0
248.42,172.38,24.4,6.45,67.18,2.28,0,0,1.58,0
356.17,148.05,33.91,5.26,74.7,1.31,0,0,1.39,1
392.88,347.83,28.49,7.8,61.95,1.78,0,0,8.51,0
419.31,335.17,16.94,3.62,133.97,2.55,0,1,18.88,0
367.64,317.06,15.45,5.77,84.84,1.81,0,1,17.56,0
313.3,57.31,17.56,1.44,62.98,1.55,0,0,10.72,0
267.24,377.95,25.26,3.77,97.28,3.81,1,1,11.74,0
358.61,195.59,38.33,7.75,95.38,0.54,1,0,1.11,0
242.79,349.28,30.94,4.77,76.25,2.93,1,0,5.09,0
57.86,300.46,35.05,3.02,96.81,4.07,0,1,1.47,0
393.66,204.23,26.66,1.84,63.49,1.7,0,1,15.34,1
440.39,110.56,24.04,5.92,70.14,3.21,1,0,3.77,0
113.71,92.49,17.71,5.51,39.8,3.51,0,1,17.51,0
249.03,424.18,36.9,3.62,53.52,3.45,0,1,13.22,0
411.92,463.28,34.58,7.66,116.15,2.51,0,1,5.36,1
555.75,342.4,19.2,1.16,112.83,2.06,1,0,4.0,1
352.08,96.55,27.81,3.13,81.32,4.26,1,0,12.92,1
277.2,230.91,27.18,7.45,113.26,3.91,0,1,18.12,0
331.71,378.02,30.63,3.25,76.8,1.95,1,0,14.65,0
487.49,400.92,38.65,2.77,75.13,0.96,1,0,7.62,0
285.4,103.2,29.49,4.74,81.13,0.82,0,1,12.16,0
270.08,50.01,28.51,6.77,77.5,0.92,0,0,6.9,0
301.73,370.46,16.26,1.72,75.7,3.12,1,1,19.98,1
254.67,210.47,16.57,7.6,102.87,0.73,1,0,15.23,0
362.27,164.52,19.68,6.57,83.0,2.02,0,0,12.67,1
512.47,55.8,15.81,2.27,94.25,3.89,0,1,9.04,0
382.31,293.13,33.58,5.98,100.63,1.82,0,0,12.74,0
324.76,433.02,33.08,3.69,87.76,3.93,1,1,7.49,0
320.82,480.93,18.4,3.82,60.59,3.85,1,0,1.55,0
193.68,304.59,35.9,6.48,52.94,1.61,0,0,8.51,0
438.31,281.51,18.87,7.74,82.98,3.78,0,0,18.68,1
342.22,88.28,22.53,1.89,76.57,3.86,0,1,12.9,0
331.95,296.99,21.22,3.94,81.75,2.29,0,0,2.6,0
669.31,220.99,24.31,4.37,79.68,1.45,1,0,17.81,1
379.88,323.21,21.37,3.63,131.67,2.85,0,1,6.11,1
274.82,224.93,27.22,3.54,53.4,4.65,0,1,5.63,0
307.36,158.13,25.19,1.37,40.2,3.38,1,0,6.64,0
464.84,92.73,39.66,5.8,86.65,1.28,0,1,11.97,1
361.33,191.71,16.4,4.05,72.47,3.57,1,1,11.35,1
206.17,93.49,18.55,2.36,86.32,2.42,1,1,10.34,1
441.92,129.6,16.32,6.71,91.68,3.16,1,1,14.63,1
283.19,494.3,30.65,6.62,105.68,3.8,0,0,7.01,0
537.33,249.85,16.36,4.4,49.86,2.82,1,1,15.86,1
458.0,289.34,35.91,3.09,68.87,4.16,0,0,4.33,0
305.27,443.13,27.8,5.47,88.58,3.75,1,0,15.87,1
478.1,498.01,28.18,3.02,95.41,3.27,1,0,13.61,1
356.79,312.22,29.04,2.65,123.87,1.18,1,1,13.98,0
435.28,415.61,19.27,6.11,99.11,4.26,0,1,10.15,1
398.47,197.12,19.94,1.28,78.86,4.71,0,0,13.67,1
265.36,187.58,22.97,1.66,62.19,1.12,1,0,2.52,0
285.65,231.22,29.84,1.05,68.71,2.7,0,1,17.18,0
453.0,352.63,20.25,2.07,68.15,1.66,1,1,2.06,0
316.52,356.99,17.91,1.48,93.1,3.9,1,0,3.83,1
309.64,191.86,39.25,7.97,85.14,3.75,1,1,11.96,0
254.49,109.94,15.55,3.02,53.53,1.13,1,1,15.05,1
392.36,334.58,35.07,2.04,71.28,4.45,0,0,2.45,1
556.25,107.75,34.7,2.69,97.55,1.31,1,1,18.49,1
243.25,310.32,22.43,7.55,87.03,4.09,0,1,19.5,0
352.42,362.04,18.39,4.64,91.37,2.56,1,0,12.51,0
491.22,365.28,18.64,3.55,87.66,1.98,1,1,10.14,1
342.04,389.06,32.44,7.11,112.53,1.21,1,0,15.09,0
395.24,442.79,31.07,3.76,84.72,1.25,1,1,7.24,0
243.76,274.98,34.57,3.35,72.28,3.48,1,0,10.37,0
392.83,378.61,38.44,2.45,61.68,2.98,0,1,18.41,0
331.29,328.63,32.3,3.64,84.99,1.05,0,0,19.16,1
448.57,133.99,18.9,3.22,31.19,1.01,1,1,18.61,1
468.74,61.56,21.09,5.74,76.31,0.83,0,1,5.99,0
608.96,178.04,36.05,3.03,75.88,3.85,0,1,5.42,1
407.96,249.37,20.23,5.04,52.71,3.7,1,0,6.66,1
382.58,327.7,16.81,1.46,61.43,0.76,1,1,9.38,0
369.44,432.48,32.58,2.34,96.19,3.02,1,0,6.97,0
314.68,138.31,25.06,3.85,84.61,0.88,1,1,8.11,0
383.85,106.5,38.0,7.56,82.04,4.57,0,1,12.79,0
320.46,483.57,31.26,3.64,86.13,4.58,0,1,15.49,0
366.85,98.62,17.26,5.65,81.85,3.64,0,1,14.98,1
481.76,265.32,38.7,2.79,104.86,4.67,0,1,16.47,1
249.35,313.5,21.46,1.89,82.47,4.15,1,1,1.61,1
463.99,293.62,23.43,1.41,50.84,4.23,1,0,1.91,1
481.71,88.71,25.06,3.14,112.6,3.06,1,0,16.0,1
338.19,75.66,16.28,2.1,87.41,1.88,1,1,11.13,0
137.81,97.47,27.41,2.22,68.21,1.48,0,1,11.98,0
289.22,313.51,18.08,6.33,54.93,1.97,0,1,2.0,0
479.7,294.96,25.02,1.11,87.92,3.33,1,1,5.85,0
347.71,155.18,23.77,4.9,77.66,1.28,0,1,13.13,0
250.07,337.0,34.32,3.66,111.48,1.66,0,0,17.32,0
299.52,419.03,35.08,4.55,73.08,2.61,1,1,18.42,0
434.06,68.71,18.84,4.94,63.25,1.55,0,1,10.51,1
404.67,274.16,24.16,3.19,97.92,3.15,1,0,11.36,1
326.11,360.19,24.33,3.07,98.51,4.65,0,0,16.83,0
313.32,163.54,18.79,6.13,83.37,3.87,0,0,11.21,1
310.82,188.5,34.96,7.1,93.53,3.5,1,1,10.82,0
257.76,326.14,32.68,2.35,79.25,3.12,1,1,18.2,1
511.54,454.07,19.76,1.68,84.68,2.7,1,1,16.01,1
317.77,414.47,24.17,7.28,103.3,1.34,0,1,18.27,0
471.72,312.41,17.65,3.45,92.51,4.53,1,1,5.15,1
502.13,378.6,30.71,4.86,76.61,1.62,0,0,10.96,0
449.83,214.17,18.03,3.52,107.05,0.91,1,1,17.01,1
306.84,338.43,39.65,1.88,32.7,3.88,0,1,3.11,0
390.37,259.78,34.52,5.13,121.04,1.29,1,1,16.1,1
347.58,135.47,24.76,4.68,45.88,2.17,1,0,4.48,0
259.63,365.78,29.46,2.42,67.46,0.63,0,1,16.35,1
382.44,300.41,37.78,4.16,79.18,1.12,0,1,12.63,1
232.1,211.38,28.85,6.58,77.07,1.28,1,1,4.67,0
468.77,460.1,19.36,5.13,100.13,0.74,0,1,9.99,1
303.54,59.42,24.47,1.68,58.84,3.45,1,0,13.96,0
370.12,192.1,36.08,4.84,85.22,4.27,0,0,13.04,1
378.33,75.6,31.11,5.92,68.44,2.18,0,0,9.12,1
324.11,394.94,31.27,6.55,85.9,4.44,1,1,18.09,1
408.67,365.95,36.67,5.4,78.7,1.46,1,0,10.87,1
302.51,199.11,37.35,2.07,81.86,1.96,0,0,10.61,0
437.13,354.05,37.99,5.97,69.0,1.18,0,1,2.18,1
215.4,228.17,17.37,5.74,69.8,3.29,0,1,18.52,1
362.64,390.31,28.6,1.17,85.75,2.39,0,0,4.37,1
543.89,254.38,33.51,3.88,98.87,3.26,1,0,11.04,1
249.97,235.53,33.92,3.33,68.03,3.93,1,0,16.27,0
282.23,470.63,30.17,5.69,62.62,2.96,0,0,5.09,0
401.39,162.9,19.17,2.51,92.27,3.32,1,1,11.02,1
367.96,104.2,34.94,5.14,79.35,4.71,0,1,5.57,0
385.06,313.04,33.0,7.39,96.61,1.85,0,0,15.43,1
398.92,486.19,17.15,6.58,61.88,2.12,0,0,11.72,0
413.47,220.03,26.6,7.45,44.41,3.73,1,0,17.26,1
460.97,77.92,19.35,7.85,69.34,3.25,0,1,18.0,0
390.98,202.69,23.44,1.07,64.67,1.3,1,1,13.33,1
325.87,277.67,15.45,5.36,78.42,2.19,1,1,14.78,0
417.26,122.87,25.01,3.89,67.26,2.61,0,0,11.44,1
539.99,346.15,28.75,7.02,94.82,2.39,1,1,8.3,0
336.74,498.99,30.49,2.76,74.24,1.3,0,0,13.31,1
252.55,253.28,31.59,7.87,83.01,4.66,0,0,18.26,0
460.71,209.63,35.91,5.3,83.15,3.93,1,1,8.92,0
337.96,230.32,20.39,6.55,83.9,2.67,0,0,6.97,0
132.73,101.82,18.01,1.6,79.52,3.56,1,1,8.38,0
434.74,447.47,36.29,2.28,90.21,4.54,1,1,9.27,1
296.47,236.67,18.92,6.31,64.09,1.11,1,0,2.4,1
340.95,224.27,39.37,1.15,107.99,1.63,0,0,10.47,0
383.2,346.86,36.06,6.72,75.27,2.94,1,1,10.39,0
369.05,248.92,27.52,1.1,53.77,4.1,0,1,12.18,0
420.95,341.71,39.54,5.6,83.76,0.66,0,1,7.89,1
306.45,77.65,17.43,3.56,62.98,4.93,1,1,12.65,0
401.31,416.18,22.58,5.28,93.31,2.55,1,1,17.69,0
324.05,473.23,30.96,5.87,124.19,2.12,0,1,19.15,0
423.88,341.94,23.75,3.4,64.27,1.82,1,1,12.09,1
411.54,479.55,38.21,1.76,86.65,1.28,1,0,1.81,0
256.46,118.14,16.64,1.49,44.89,4.06,1,1,19.42,0
458.6,264.84,28.74,5.12,89.08,4.8,0,0,14.41,0
296.4,320.81,29.77,4.64,62.29,2.36,1,0,7.38,1
430.81,311.78,31.32,6.2,67.5,4.79,0,1,3.8,0
386.73,230.66,21.39,4.57,57.97,4.21,0,1,3.72,0
533.82,202.14,24.11,3.96,94.64,2.66,1,1,4.19,0
327.65,107.07,36.09,3.79,100.15,3.53,1,1,1.87,0
315.07,226.28,19.87,1.19,80.47,2.46,0,1,18.14,0
348.06,123.2,35.67,3.35,62.71,3.01,0,0,11.27,0
319.68,380.46,29.07,7.83,111.79,0.76,1,0,14.3,0
429.99,143.97,34.05,7.11,64.99,3.63,0,1,16.73,1
188.37,76.35,32.84,3.31,36.76,0.74,1,1,16.04,1
244.63,298.56,20.19,5.11,89.17,4.18,0,1,17.77,1
243.22,317.85,29.22,6.93,57.9,4.21,1,1,19.38,0
445.03,442.36,36.69,4.09,99.77,1.57,0,0,9.34,0
521.06,309.64,25.8,1.13,72.38,1.96,1,0,19.06,1
339.56,205.47,39.16,1.52,92.07,2.67,1,0,14.74,1
333.12,411.36,26.31,4.57,108.03,3.18,0,1,2.34,0
357.01,293.13,18.57,7.79,55.82,1.79,1,1,13.95,1
466.19,85.68,24.74,5.85,68.68,3.17,0,1,14.05,0
257.26,304.63,38.79,1.5,78.49,1.84,0,0,18.21,1
373.84,458.61,22.99,2.33,110.75,0.75,0,0,8.09,1
447.52,228.34,36.7,6.4,66.83,0.51,0,0,12.11,1
400.11,183.35,37.03,6.89,68.11,0.96,1,1,1.23,1
368.96,114.56,23.75,5.32,89.56,4.07,0,0,7.31,1
450.1,118.15,17.08,5.51,68.46,4.83,0,1,2.18,1
79.68,244.75,33.11,1.2,83.05,2.42,0,0,10.92,1
417.79,318.06,22.79,6.8,48.97,2.81,1,1,16.53,1
284.59,86.28,34.57,6.52,124.29,1.16,0,1,4.92,0
166.94,472.81,26.07,2.81,53.05,2.98,1,1,11.02,1
401.12,389.81,27.13,5.96,73.56,1.15,1,1,4.88,1
487.37,313.98,34.45,2.5,79.35,3.25,0,0,3.29,0
336.26,422.8,24.56,1.28,118.25,4.7,1,0,10.71,1
445.29,86.08,26.08,2.41,53.5,1.38,0,0,2.5,0
511.23,264.58,24.4,2.25,119.67,3.94,1,1,12.16,1
481.49,333.54,24.18,3.36,95.14,0.61,1,0,1.6,0
514.0,422.89,28.15,3.93,88.34,2.19,0,1,3.03,0
424.21,402.56,35.22,4.56,60.31,1.0,1,0,11.45,1
357.54,174.68,24.04,4.34,91.42,2.09,0,0,12.24,0
189.8,473.4,28.11,2.89,65.53,1.28,1,1,1.55,0
325.39,105.96,31.77,1.2,105.33,2.18,0,1,11.89,1
265.68,443.81,21.74,5.24,60.58,2.38,0,1,16.93,0
567.09,486.92,21.94,3.77,77.74,1.85,0,0,14.72,1
332.41,129.72,38.34,3.09,68.89,3.45,0,1,3.49,0
362.32,374.93,33.09,7.07,60.25,4.63,1,0,12.26,1
405.15,68.13,29.43,6.23,94.83,2.3,0,0,13.77,1
354.36,232.44,31.19,7.0,90.71,1.37,0,0,1.71,0
519.51,282.33,15.73,4.46,104.18,1.72,0,1,17.25,1
287.74,311.29,30.45,1.92,44.4,4.34,0,0,18.22,0
369.46,471.17,27.74,5.87,101.28,3.07,1,1,17.16,0
275.75,352.51,28.64,2.44,130.11,2.55,0,1,16.67,0
218.0,266.58,23.99,4.09,70.97,1.17,1,0,15.15,1
288.82,414.35,17.04,1.46,117.9,2.52,0,0,13.04,0
346.3,477.74,19.83,6.78,74.74,1.75,0,0,13.89,0
307.07,59.93,38.77,1.88,52.55,4.74,0,0,16.32,0
280.76,492.13,25.22,7.32,73.89,4.48,0,1,13.59,0
209.37,88.76,26.67,7.05,100.96,0.88,0,1,7.23,0
341.69,416.47,16.32,4.25,63.24,2.82,0,1,8.14,0
199.53,176.15,15.94,6.21,67.99,1.51,1,1,18.04,0
426.01,109.48,32.93,5.34,91.87,2.35,1,1,1.33,1
358.24,247.94,28.45,6.62,80.06,4.45,0,1,14.28,1
204.24,339.78,27.72,4.02,91.69,2.87,0,1,19.14,0
319.08,221.43,21.08,6.5,84.76,2.0,0,1,14.42,0
274.78,74.55,33.62,4.24,89.59,1.44,1,1,19.88,0
381.92,319.76,19.21,7.59,71.35,4.1,0,0,14.06,1
484.05,456.08,19.75,4.4,84.63,3.31,1,0,1.65,0
162.48,222.45,26.52,4.24,61.45,2.61,1,1,16.71,1
361.5,147.35,22.16,6.5,105.77,1.48,1,1,6.41,1
333.99,249.16,21.19,6.75,67.31,2.0,1,0,9.48,1
417.13,71.76,31.13,4.88,102.58,4.82,1,0,6.93,1
371.32,419.22,31.27,2.26,75.33,2.84,0,0,6.1,1
274.8,421.85,35.61,4.27,84.04,2.3,1,1,9.2,1
318.09,314.6,25.44,7.78,70.1,2.85,1,0,8.2,0
270.4,208.9,16.83,6.27,59.68,4.01,0,0,13.03,1
457.6,409.9,21.84,6.68,45.1,2.03,0,0,16.45,1
352.13,299.61,39.5,1.23,58.89,1.3,1,0,6.64,0
540.12,421.67,29.91,4.28,73.52,3.13,0,0,5.06,1
343.93,334.16,32.74,5.53,84.24,3.49,0,1,13.67,0
279.16,402.98,15.18,6.81,100.21,3.71,0,0,13.74,1
198.63,319.35,27.96,1.34,71.08,4.47,1,1,18.12,1
169.69,236.36,15.94,6.97,62.36,2.17,1,0,1.3,0
191.59,481.08,29.23,4.84,51.15,0.84,0,0,17.21,1
376.71,293.5,38.02,2.38,89.6,4.81,0,0,10.9,0
400.87,322.29,39.21,3.22,107.66,2.46,1,0,12.8,1
191.88,149.22,28.51,2.97,105.33,3.3,1,0,2.74,1
439.5,331.54,26.46,4.72,94.2,3.5,0,1,9.22,0
301.69,307.22,38.63,1.36,92.77,2.96,1,1,5.32,0
364.68,133.18,31.84,2.11,113.95,1.42,1,1,5.83,1
511.22,76.81,16.62,6.69,86.64,3.9,0,1,10.58,1
439.68,321.96,26.64,1.93,92.92,4.12,0,1,16.44,1
323.15,393.66,21.01,2.63,73.58,2.99,1,1,15.13,0
260.88,285.53,26.75,4.17,52.76,2.7,1,1,12.23,1
134.82,152.05,26.39,4.62,66.32,1.01,1,0,11.25,0
278.08,349.93,29.55,6.35,79.82,0.88,0,1,9.12,0
328.89,86.05,23.92,4.13,81.22,2.03,0,0,19.48,1
251.28,248.83,19.11,6.53,118.53,1.9,0,0,11.64,0
336.87,123.52,27.59,5.33,81.63,4.79,0,1,5.83,0
357.69,133.01,35.76,1.79,103.58,4.03,1,0,5.37,1
327.51,141.03,31.6,2.09,71.3,3.47,0,0,12.62,1
285.0,224.02,23.46,4.06,73.77,2.83,0,1,10.93,0
366.87,73.02,38.39,3.78,53.42,1.25,1,0,1.15,1
394.19,229.01,37.81,6.2,65.15,4.9,0,1,16.77,1
240.96,280.27,20.23,5.07,90.54,2.19,1,0,14.38,1
491.09,267.48,15.99,3.72,80.15,0.98,0,1,13.57,0
340.14,222.25,33.53,2.2,98.86,2.72,1,0,2.31,0
351.88,427.62,35.69,2.59,83.63,4.43,1,1,7.88,0
420.82,115.4,39.2,5.03,72.95,4.49,1,0,18.77,1
373.32,277.56,37.25,3.96,122.97,0.55,0,1,17.39,1
445.31,77.92,30.01,4.6,78.12,4.49,1,0,6.43,1
378.71,82.02,28.25,2.19,103.26,1.72,0,0,3.98,1
288.76,308.24,15.7,5.64,71.98,0.68,0,1,9.53,0
386.15,304.71,21.17,6.97,94.19,4.32,0,0,7.76,1
235.63,445.12,26.49,2.81,98.56,4.39,0,1,13.96,1
360.86,301.04,30.71,4.44,84.17,3.18,0,0,19.36,1
346.68,481.91,28.93,7.83,32.91,3.08,0,0,7.9,0
329.19,71.91,33.57,3.33,80.37,4.16,1,1,2.18,0
337.15,94.1,21.99,5.17,104.61,4.04,1,0,18.05,1
161.82,69.83,29.12,1.63,90.55,4.51,0,1,1.72,0
295.13,133.37,17.2,5.24,88.92,2.99,0,0,19.1,1
359.28,293.57,25.34,1.63,45.55,4.85,0,0,13.63,1
365.99,340.51,33.75,7.71,65.59,4.98,0,0,18.89,0
247.23,70.51,32.34,6.01,88.23,1.02,0,0,4.79,0
476.57,475.69,39.77,6.52,88.21,4.32,1,1,1.77,0
263.38,428.97,21.95,5.93,104.29,2.75,1,1,10.28,1
446.95,183.48,27.45,5.13,77.1,2.24,0,0,9.56,1
392.72,84.73,23.24,4.15,88.12,3.26,0,0,7.3,0
285.38,126.45,26.02,7.01,80.33,0.75,1,1,19.2,1
527.53,107.12,36.42,7.7,60.26,2.78,0,0,16.63,0
230.64,105.48,32.11,4.49,34.88,4.42,0,1,13.57,0
441.92,283.35,37.06,7.52,88.62,1.46,0,0,4.09,1
450.06,160.63,20.09,5.08,83.48,2.42,1,0,14.95,1
282.94,211.16,36.83,4.77,67.64,4.73,1,1,14.81,1
489.25,495.28,16.49,4.18,47.62,2.43,0,0,9.08,1
325.0,357.94,37.21,2.47,92.59,2.11,1,1,18.57,1
378.87,477.04,23.23,1.03,74.68,2.48,1,1,4.17,0
376.03,114.15,22.86,2.69,91.14,2.84,0,1,6.08,0
336.57,221.96,27.8,4.57,117.28,3.34,1,1,2.2,1
431.08,299.63,38.52,3.66,37.17,4.1,1,1,16.11,1
429.35,84.54,16.19,4.14,66.01,2.53,1,1,12.81,1
175.15,51.88,23.81,7.86,75.81,4.18,1,0,6.98,0
480.43,351.7,36.41,3.45,109.1,2.9,1,1,4.11,1
183.75,338.82,24.9,4.17,47.27,2.02,1,1,1.76,0
453.25,234.85,19.98,1.93,118.72,3.46,0,0,4.17,1
462.67,270.34,25.62,1.34,82.72,3.73,0,1,9.61,0
240.9,236.95,24.64,6.43,78.08,3.01,0,0,5.7,0
308.92,60.8,37.89,4.99,76.04,0.75,1,1,5.92,0
239.43,200.92,34.05,6.32,71.27,1.26,0,1,17.64,1
328.51,129.69,27.63,2.05,100.96,1.78,1,1,10.79,1
319.2,94.29,39.71,5.0,58.63,1.77,1,0,14.86,1
427.97,480.52,26.63,2.78,86.91,3.53,0,0,1.68,1
481.03,319.71,16.46,2.6,72.32,0.58,1,1,7.94,1
489.57,377.9,21.56,1.08,64.76,3.9,0,1,10.1,0
293.78,191.91,25.9,1.91,131.72,1.69,1,0,4.54,0
329.08,226.92,18.92,3.16,88.38,1.9,0,0,3.28,0
181.66,156.62,38.69,1.82,92.27,2.88,0,0,17.54,1
269.41,93.63,34.17,7.9,102.76,1.47,0,1,18.85,0
446.49,130.56,21.71,3.16,51.57,4.48,0,0,2.5,0
511.56,408.88,29.77,1.91,115.05,0.88,1,0,7.63,1
226.57,354.9,33.04,2.39,29.82,2.5,0,0,19.21,0
290.75,296.12,38.53,5.11,64.62,4.32,1,0,2.58,1
347.36,263.79,37.04,1.45,70.82,3.27,0,0,13.23,0
378.02,465.1,27.88,7.04,91.63,1.82,0,0,19.47,1
269.04,82.73,34.37,7.73,84.37,2.39,0,0,19.59,1
392.41,176.27,29.05,2.73,76.66,3.68,1,1,9.95,0
302.62,207.47,28.82,4.15,79.76,4.88,0,0,4.09,0
348.55,402.09,17.87,1.15,60.44,4.52,0,1,4.84,0
404.63,496.63,18.15,5.48,50.06,2.04,1,1,17.9,1
350.64,158.3,28.24,3.9,94.53,4.99,0,0,18.32,0
306.36,443.44,21.72,2.89,93.87,0.52,1,1,12.55,0
339.04,423.78,15.53,2.45,111.69,0.62,0,1,15.56,1
341.16,151.1,33.07,5.58,64.2,4.21,0,0,15.06,0
313.0,229.7,15.81,3.91,93.86,1.4,0,1,13.57,1
324.12,234.35,29.88,2.26,74.33,0.77,1,0,16.72,1
509.86,490.2,28.48,5.82,103.81,1.57,0,0,14.02,1
406.09,131.4,39.22,4.96,100.44,2.42,0,0,11.15,1
320.45,409.62,27.11,7.01,84.22,3.79,0,0,5.5,0
419.7,200.39,16.59,1.82,73.21,3.31,1,0,15.13,1
316.62,378.89,28.79,6.5,99.22,1.57,1,0,10.0,0
467.31,239.0,36.03,5.71,92.94,2.76,1,0,6.6,1
386.96,310.26,39.92,1.81,66.31,4.67,1,1,16.24,1
339.27,424.68,25.76,5.86,53.44,4.17,1,0,14.24,1
394.77,411.87,23.01,4.09,74.23,1.95,1,1,18.81,1
192.91,439.89,37.67,7.61,110.31,4.92,0,0,4.14,0
237.32,76.83,19.78,1.99,102.93,3.69,0,0,13.33,0
230.61,361.42,30.39,5.5,57.75,0.78,0,0,5.64,0
364.29,112.99,25.14,3.67,56.64,0.66,0,1,18.17,0
523.25,237.12,16.03,7.7,105.49,1.26,0,1,2.89,1
573.13,296.86,23.68,3.31,57.29,3.78,1,1,13.47,1
413.81,231.23,21.63,7.74,90.19,1.33,1,1,16.03,0
400.08,283.83,32.15,7.31,67.68,2.8,1,1,7.74,0
169.89,498.44,38.72,2.89,112.34,0.92,0,1,19.13,1
295.73,110.85,21.7,6.62,64.59,4.64,1,0,17.16,1
271.22,353.96,35.29,7.97,102.87,2.05,0,0,6.6,0
287.92,228.2,16.38,2.77,83.7,4.59,1,1,1.14,0
333.19,109.85,28.45,4.06,85.04,4.75,0,1,6.64,0
302.79,121.43,16.76,4.64,40.59,0.53,1,1,6.34,1
152.07,477.17,38.35,3.06,35.94,2.59,0,1,17.91,0
424.79,445.82,34.16,1.11,75.59,0.61,1,1,19.38,1
242.73,458.17,31.45,2.54,84.94,4.59,0,0,2.34,0
373.92,496.19,35.6,2.97,57.5,2.83,1,0,9.95,1
557.41,143.74,31.19,4.11,58.23,0.84,0,0,11.42,0
258.06,209.95,39.22,2.2,91.23,1.0,0,0,2.77,0
96.97,351.15,32.85,7.11,91.26,2.23,0,0,8.17,0
321.4,267.71,38.12,5.93,77.25,4.73,0,0,7.02,1
460.1,238.28,27.93,1.6,95.6,3.62,1,0,11.19,1
545.83,211.02,17.93,5.55,56.52,4.4,1,0,13.56,1
227.05,317.2,28.2,5.58,72.88,2.15,1,1,14.37,1
399.67,309.02,18.17,7.69,112.96,0.69,0,1,3.6,0
303.47,122.66,29.81,1.02,81.37,4.88,1,0,16.45,1
339.41,262.28,27.06,2.74,82.53,0.58,0,0,13.89,1
614.43,299.06,30.56,7.49,126.12,4.76,1,0,17.89,1
199.7,306.63,15.25,7.52,52.01,2.16,0,1,9.54,0
375.37,144.55,19.87,6.04,95.93,0.55,1,1,17.98,1
396.77,384.02,27.28,6.36,113.28,3.6,0,0,17.45,1
458.58,61.34,38.76,1.64,73.5,4.91,0,1,9.33,0
359.8,209.67,24.59,4.6,97.19,4.85,1,0,8.24,1
380.81,401.1,25.61,2.62,60.36,1.22,1,0,18.72,1
310.84,303.75,32.87,2.27,66.27,1.32,1,0,14.59,1
376.91,167.52,30.09,6.67,87.7,3.04,0,0,18.64,1
315.68,362.73,22.47,1.95,95.97,3.37,0,0,16.14,0
412.16,305.33,25.27,4.28,102.42,3.83,0,1,12.58,1
313.04,408.31,20.44,7.57,111.39,1.31,1,0,3.2,1
387.71,380.76,39.15,2.3,78.65,4.82,0,0,6.54,1
347.07,324.55,18.27,7.85,103.87,3.37,1,0,19.41,1
462.61,269.68,24.3,7.96,73.15,4.31,0,0,7.07,1
344.86,109.93,15.65,4.89,98.04,2.93,1,1,2.77,0
172.7,167.6,20.54,2.19,84.15,2.36,0,0,14.44,1
476.19,238.59,34.51,3.21,88.91,4.9,0,0,14.95,1
259.43,319.68,20.03,3.97,88.47,3.12,1,1,6.42,1
284.62,281.17,17.0,3.17,47.91,4.4,0,0,6.66,0
290.43,179.68,26.86,2.96,57.52,4.79,0,0,9.91,0
487.44,52.91,15.25,7.81,82.05,3.54,1,0,1.41,0
136.43,273.31,17.12,2.07,46.25,2.97,0,0,16.0,1
663.77,178.53,35.19,6.13,96.62,0.52,1,1,7.02,0
455.61,380.57,34.29,1.0,97.43,0.68,1,0,17.22,1
372.32,60.78,37.88,5.17,86.54,1.4,0,0,16.25,1
344.51,313.17,36.36,7.41,57.58,1.34,0,1,13.57,1
378.56,473.66,32.08,3.02,107.6,1.65,0,0,7.17,1
402.11,128.48,16.31,2.3,120.74,1.87,1,0,10.81,1
414.52,262.24,34.57,5.56,82.94,2.12,0,1,9.45,0
405.56,91.14,36.14,5.99,90.21,2.39,1,0,7.44,0
358.96,331.56,34.98,5.82,84.03,0.94,0,1,17.11,1
330.27,297.74,27.71,3.24,90.61,0.69,0,0,10.19,1
334.87,233.31,20.82,2.77,77.61,3.53,1,1,16.82,1
330.51,284.62,36.13,7.69,79.31,2.92,0,0,3.0,0
463.38,453.46,33.18,7.46,98.11,2.5,0,0,3.68,0
409.36,138.33,39.52,4.2,126.91,3.35,0,1,19.57,0
55.96,60.15,18.89,6.92,52.0,4.22,0,0,12.17,1
415.59,437.75,20.64,4.17,77.92,2.42,0,1,10.69,0
369.47,309.7,20.29,3.97,56.39,3.39,1,1,10.94,1
348.13,450.8,34.81,2.1,111.84,4.79,0,1,5.09,0
311.15,318.63,19.67,3.98,68.25,4.28,1,1,14.66,0
462.41,414.57,16.67,4.76,51.14,2.42,0,0,2.61,0
444.75,243.35,39.96,1.16,92.76,3.4,0,1,11.89,1
272.71,387.44,15.62,4.11,114.89,1.3,1,0,11.84,1
390.71,460.87,35.88,6.47,93.27,3.02,0,0,18.37,1
252.83,307.46,24.13,5.76,84.1,4.92,0,1,11.0,0
212.04,131.35,36.04,5.45,88.18,2.83,1,1,3.6,0
287.33,170.96,28.87,7.37,108.3,4.67,1,0,11.88,1
436.24,139.39,37.54,1.13,62.52,2.33,0,1,2.74,1
445.31,161.09,38.15,4.9,77.76,4.99,1,0,4.87,0
401.31,187.89,15.23,6.51,70.95,3.11,1,1,1.59,0
422.51,299.81,16.89,4.79,56.64,0.69,1,0,10.75,1
401.62,314.6,21.26,3.27,73.43,3.14,1,0,2.61,0
285.85,241.92,31.73,1.95,102.15,1.74,0,1,9.92,0
393.19,326.94,37.21,7.21,91.33,0.65,0,0,18.73,1
430.04,86.71,26.5,4.3,92.89,4.19,1,0,14.68,1
425.43,89.5,30.17,7.15,82.93,1.74,0,1,2.47,0
468.89,127.32,19.71,5.1,90.47,4.08,1,1,5.26,0
420.83,283.13,35.12,5.72,63.99,1.8,0,1,13.8,0
385.14,146.3,39.18,6.63,73.81,1.37,0,1,18.0,0
457.02,177.48,21.71,5.61,83.84,4.88,1,1,1.63,1
347.35,230.14,27.37,3.79,85.55,2.13,1,0,16.44,1
261.81,415.34,17.15,4.6,86.4,3.21,0,0,11.67,1
333.69,56.24,28.98,6.62,77.23,3.24,0,1,11.38,1
275.51,342.22,27.57,3.62,72.45,3.02,0,0,19.2,1
